Dominios,AÑO,MES,Clases industriales,"Producción 
Nominal","Producción 
real","Ventas
Nominales","Ventas
reales","Total 
Empleo","Personal según tipo de contrato Empleo 
Permanente","Empleo 
Temporal","Personal por área funcional Total
Empleados","Total
Operarios","Total 
Sueldos","Sueldos y salarios reales según tipo de contrato Empleo 
Permanente","Empleo 
Temporal","Sueldos y salarios reales del personal por área funcional Total
Empleados","Total
Operarios",Horas Totales trabajadas,,,,,,,,,,,,,,,,,
2100,2018,1,"Fabricación de productos farmacéuticos, sustancias químicas medicinales",71.0600274578906,72.49380033947752,73.11848336401754,74.58651479279324,97.28028146193552,97.78034072888342,95.54778594926026,98.21794473765911,96.7230053878515,87.7922801151205,87.60092833714684,89.21262246943843,87.66953890302183,87.95008686473493,90.0463677017089,,,,,,,,,,,,,,,,,
2100,2018,2,"Fabricación de productos farmacéuticos, sustancias químicas medicinales",89.88312388719491,91.50489315594218,90.58896531817521,92.22601825032282,98.92368585514895,98.46637203776156,100.5080863230051,99.75783918037877,98.42792826038821,97.57227784667832,97.2850070527363,99.70459603109799,98.7470271385134,96.06191825199437,94.52778821609925,,,,,,,,,,,,,,,,,
2100,2018,3,"Fabricación de productos farmacéuticos, sustancias químicas medicinales",92.05616273027881,92.9035252441084,92.82840624246556,93.71077673159931,98.8635048492003,98.10247716957403,101.50014639775408,99.79509469108973,98.30983836445493,96.99929209017644,96.18972872573453,103.0084190875697,96.66054460786117,97.43481523851615,94.93435320428873,,,,,,,,,,,,,,,,,
2100,2018,4,"Fabricación de productos farmacéuticos, sustancias químicas medicinales",97.4491957502995,98.42590177566495,96.93250502479027,97.92769727142755,99.26162535009145,98.81237043702185,100.81810509636416,101.73238124805961,97.79319506974683,106.64092510489687,107.25345434214272,102.09431870211793,113.48927944042279,97.836086702059,98.71967181819264,,,,,,,,,,,,,,,,,
2100,2018,5,"Fabricación de productos farmacéuticos, sustancias químicas medicinales",104.07037062192445,104.5187009295096,103.63147276098574,104.08774894047077,99.60882346133373,98.44847556883433,103.62894197481958,101.31015212666874,98.59768248579229,102.8258085877696,102.38944353838963,106.06480520510718,106.23828966846962,98.43842689047048,98.3778285054892,,,,,,,,,,,,,,,,,
2100,2018,6,"Fabricación de productos farmacéuticos, sustancias químicas medicinales",100.64188250791327,100.75201740430228,97.41070007530826,97.53063577863809,99.83103025252878,98.87799082308847,103.1329119374451,100.155231294629,99.63834969370431,100.73801184643744,100.26961768385864,104.21475021109057,100.98994548052737,100.41410411215212,99.5646512076309,,,,,,,,,,,,,,,,,
2100,2018,7,"Fabricación de productos farmacéuticos, sustancias químicas medicinales",98.26663856909764,98.40322931534502,100.03881476627225,100.18126393118507,100.03471981112425,100.01739934479043,100.09472795852638,100.24216081962125,99.91143257805003,100.71666882768572,100.87582112460254,99.53533280618758,101.9433949366844,99.13948332806216,102.88915854620772,,,,,,,,,,,,,,,,,
2100,2018,8,"Fabricación de productos farmacéuticos, sustancias químicas medicinales",106.71751582070053,106.47834145126849,106.47744530959638,106.24566898407994,100.75689188250819,100.66763771581405,101.06612011505142,100.40360136603539,100.96686102295371,99.74270552591157,99.46838376351215,101.77890723761213,97.77659254885793,102.27051092214776,105.70111253973643,,,,,,,,,,,,,,,,,
2100,2018,9,"Fabricación de productos farmacéuticos, sustancias químicas medicinales",109.90185412810396,109.1487924411298,106.93140622354125,106.19041716629742,101.72441728583665,101.8368736857281,101.33480305196261,100.4781123874573,102.4651265776072,100.46326520568796,100.60473579197037,99.41317480300218,99.02754375758354,102.30915324282883,104.90868644537946,,,,,,,,,,,,,,,,,
2100,2018,10,"Fabricación de productos farmacéuticos, sustancias químicas medicinales",115.66268584062054,114.53981961489545,109.19470428023396,108.10156586700073,101.9605120014814,102.32007834676399,100.7147655052445,100.00620925178515,103.12200162373605,99.9252296469272,99.93792139783369,99.83102288515121,97.94648563702846,102.46927459468382,108.77089511517413,,,,,,,,,,,,,,,,,
2100,2018,11,"Fabricación de productos farmacéuticos, sustancias químicas medicinales",116.23006251843964,114.48563718337216,122.00477046668179,120.1180688029899,101.80774483253481,102.37973324318817,99.82604502161522,99.77025768394907,103.01867296479443,100.42032778946462,100.24297590121728,101.73675349067037,97.77939630602663,103.81573839548622,106.27768214691376,,,,,,,,,,,,,,,,,
2100,2018,12,"Fabricación de productos farmacéuticos, sustancias químicas medicinales",98.06048016753613,96.3453411449839,100.84232616793172,99.09362348319515,99.94676295627622,102.29025089855189,91.82756066895163,98.13101521266685,101.02590597092035,106.16320741324394,107.88198234085517,93.40529707095457,101.73196157500311,111.86040145686403,95.28180455317866,,,,,,,,,,,,,,,,,
2100,2019,1,"Fabricación de productos farmacéuticos, sustancias químicas medicinales",77.04782004841832,75.26519555646769,75.9648770197969,74.20405591198967,99.38661667013868,102.06952778178241,90.09145553814093,98.68984787333123,99.80072330061257,89.59269820939339,89.98347624831536,86.69207922536482,86.62035580763785,93.41419944065983,91.0917902964808,,,,,,,,,,,,,,,,,
2100,2019,2,"Fabricación de productos farmacéuticos, sustancias químicas medicinales",100.60757148828824,97.59793137226768,95.63541134423878,92.74114614699378,102.48825313056967,103.11945395884808,100.30140714076576,99.6088171375349,104.19957192412723,98.49515633306565,97.86563435099696,103.16789438428626,94.6447612140595,103.4455583054137,102.88072885659398,,,,,,,,,,,,,,,,,
2100,2019,3,"Fabricación de productos farmacéuticos, sustancias químicas medicinales",105.37590416887255,102.00283903762266,100.34949716760389,97.12486795530086,102.67342545656555,103.29841864812063,100.50808632300513,99.7330021732381,104.42099047900211,98.67575080324241,97.78872540817244,105.25985339855119,94.69174628338199,103.79793261144367,103.43966312985141,,,,,,,,,,,,,,,,,
2100,2019,4,"Fabricación de productos farmacéuticos, sustancias químicas medicinales",105.43515511903294,101.82107894607574,100.06682656700355,96.61516407206385,102.09476193782842,103.04190259349663,98.8133170286423,98.96305495187828,103.95601151376482,106.92382066706014,107.16618265736959,105.12484600605288,108.93527232911981,104.3377239244191,105.1455995212594,,,,,,,,,,,,,,,,,
2100,2019,5,"Fabricación de productos farmacéuticos, sustancias químicas medicinales",106.79107786443387,101.67143765653827,112.30407604876092,106.93412073331365,103.79834733699052,104.01427740521086,103.05024026454937,102.97423160509156,104.28813934607716,104.91683870162288,104.37220621978452,108.95946945051863,105.20468297643102,104.54676113251696,109.93983558872102,,,,,,,,,,,,,,,,,
2100,2019,6,"Fabricación de productos farmacéuticos, sustancias químicas medicinales",102.73515884409122,98.0022314483593,104.77964840973904,99.93740811906726,102.82619262551215,103.14928140706016,101.70682557999348,100.20490530891026,104.38408738652295,103.05794856708437,102.69941760803486,105.7192079076807,102.99150270613922,103.14337712984502,103.83116754287327,,,,,,,,,,,,,,,,,
2100,2019,7,"Fabricación de productos farmacéuticos, sustancias químicas medicinales",112.99061164471036,107.72722855312232,111.80313151258203,106.6189344947762,102.10402055412821,102.55869793246072,100.52875424122908,100.27941633033217,103.1884271901985,101.51030650992686,100.90529291116015,106.00112675924186,98.77721458940569,105.02420656843532,109.16338710689547,,,,,,,,,,,,,,,,,
2100,2019,8,"Fabricación de productos farmacéuticos, sustancias químicas medicinales",109.69977477637167,103.92217765697734,109.2166388400123,103.35927155613562,103.06228734115689,103.56090019238704,101.33480305196261,100.68922694815272,104.47265480847291,100.89207671767713,99.9093963278849,108.18619539877675,97.63968147629531,105.07363817310188,107.83170777193567,,,,,,,,,,,,,,,,,
2100,2019,9,"Fabricación de productos farmacéuticos, sustancias químicas medicinales",108.85069751965328,102.70313714628132,110.71240166656466,104.38210760349457,103.31689928940123,102.79135202851504,105.13770000516699,100.39118286246504,105.05572366964347,102.05794160088894,100.77846295372801,111.55509774572477,99.16871110736551,105.77258695328541,109.44029712010581,,,,,,,,,,,,,,,,,
2100,2019,10,"Fabricación de productos farmacéuticos, sustancias químicas medicinales",113.47973026433186,106.75019098467227,110.52409605837192,103.85185824583883,103.88167488368866,102.85697241458163,107.43183892802398,100.21732381248057,106.05948778507634,101.587064169826,100.12583253729221,112.43331393627531,98.97109641209279,104.9503792445718,110.84075425735324,,,,,,,,,,,,,,,,,
2100,2019,11,"Fabricación de productos farmacéuticos, sustancias químicas medicinales",107.2993510096231,101.1677455290519,121.55347350156782,114.50830399903407,104.03444205263526,102.73169713209084,108.54790651211657,100.26699782676185,106.2735257214554,100.6710320169071,99.2544072933128,111.18617912660127,96.16747601774672,106.46119427604103,108.15513979602673,,,,,,,,,,,,,,,,,
2100,2019,12,"Fabricación de productos farmacéuticos, sustancias químicas medicinales",104.4080375509595,98.36762127961997,108.82236832541825,102.39964458469413,102.44658935722057,102.08742425070963,103.69094572949139,99.6088171375349,104.13314635766471,105.8960033006196,105.49959767793696,108.83839401863662,98.90405011811424,114.88546483779628,99.42268676957565,,,,,,,,,,,,,,,,,
2100,2020,1,"Fabricación de productos farmacéuticos, sustancias químicas medicinales",73.55469183229533,67.94262847448145,78.60223519742311,72.51523607162851,101.43740018054302,102.27831991926703,98.52396617350716,98.76435889475316,103.02605358329022,93.39649376031132,92.80115159685762,97.81552607356578,88.95817384214683,99.10278285473122,95.04362173325642,,,,,,,,,,,,,,,,,
2100,2020,2,"Fabricación de productos farmacéuticos, sustancias químicas medicinales",100.05733097463545,92.07877104183699,97.64953256383998,89.61396961944462,103.76131287179132,103.17910885527223,105.77840547010902,99.50946910897234,106.28828695844707,103.35454145928207,101.76318152270102,115.16669153609801,99.56545523153487,108.22611940271082,106.27253262940913,,,,,,,,,,,,,,,,,
2100,2020,3,"Fabricación de productos farmacéuticos, sustancias químicas medicinales",113.56034777239341,101.63470062928701,118.43883156327382,105.97426978678577,104.06221790153464,103.01207514528451,107.70052186493515,100.27941633033217,106.31042881393458,103.73378487026392,102.06265599969527,116.13803394245417,99.44646739066013,109.24593213077436,107.65034599790339,,,,,,,,,,,,,,,,,
2100,2020,4,"Fabricación de productos farmacéuticos, sustancias químicas medicinales",102.69876015013463,91.89371950373258,98.49419820045614,87.96572905818394,103.01599425965792,102.76749006994535,103.87695699350684,98.05650419124493,105.96353974463057,100.52174669862559,99.15454654431478,110.6700312171245,96.9085433233464,105.16719438974296,104.74213835183983,,,,,,,,,,,,,,,,,
2100,2020,5,"Fabricación de productos farmacéuticos, sustancias químicas medicinales",114.33001892350325,101.85225523390089,106.09906026186484,94.48543157801362,104.22887299493094,103.40579746168413,107.08048431821705,98.08134119838556,107.88250055354635,104.91603059896136,103.18327728310364,117.77769799583177,97.56795799798243,114.36335015255327,108.55253441057783,,,,,,,,,,,,,,,,,
2100,2020,6,"Fabricación de productos farmacéuticos, sustancias químicas medicinales",115.05157626095111,100.60607348585877,107.23798456246152,93.68967858868218,103.68261463324309,103.17910885527222,105.4270508603021,97.29897547345541,107.47656653627571,106.76395333977068,105.82214961451638,113.7546577617436,100.35981351450818,114.99767103426912,107.75654597876904,,,,,,,,,,,,,,,,,
2100,2020,7,"Fabricación de productos farmacéuticos, sustancias químicas medicinales",119.75426853532475,105.07998621360497,118.790322804766,104.25375297919162,104.65939865287137,103.86514016415035,107.41117100980006,98.24278174479971,108.47295003321275,107.32154553708426,105.81824031087201,118.48009398051921,99.75266851995887,117.05275040203021,114.5116548247848,,,,,,,,,,,,,,,,,
2100,2020,8,"Fabricación de productos farmacéuticos, sustancias químicas medicinales",120.14020471672401,104.7522098710929,117.96692710189092,102.7398075878484,105.18251047380974,103.8770711434352,109.70530993265704,97.58460105557278,109.69813270352051,109.13198370448764,107.0572919312424,124.53174966903639,101.42983923576908,119.03452876565386,110.81853373661416,,,,,,,,,,,,,,,,,
2100,2020,9,"Fabricación de productos farmacéuticos, sustancias químicas medicinales",123.79999067521493,107.75875946609102,124.25117838473312,108.04593678231511,105.48804481170295,103.96655348807148,110.75937376207781,97.57218255200246,110.19263414274113,107.37580854272287,105.18408559981398,123.64425902543346,99.44841641392908,117.56795153507252,115.63065203267054,,,,,,,,,,,,,,,,,
2100,2020,10,"Fabricación de productos farmacéuticos, sustancias químicas medicinales",129.35944431022926,112.31028472781388,120.82981537526626,104.6782177923353,105.7195102191978,104.28272443911966,110.69737000740601,98.2179447376591,110.17787290574947,108.16911499095029,105.95738531105866,124.5860690110167,100.9730734161166,117.4209702692079,115.70038214298985,,,,,,,,,,,,,,,,,
2100,2020,11,"Fabricación de productos farmacéuticos, sustancias químicas medicinales",124.8705232130003,109.8158444016571,130.7425620837654,114.8712310500622,105.8676480799945,104.63468832802235,110.13933621535972,98.1558522198075,110.45095579009518,108.93336136015003,107.05692140613199,122.86156819600502,101.78422794821155,118.12490743508222,110.51185527974702,,,,,,,,,,,,,,,,,
2100,2020,12,"Fabricación de productos farmacéuticos, sustancias químicas medicinales",110.23290401138594,96.90169301028646,115.85886112810515,101.69914217390577,104.46496771057569,104.59292990052542,104.0216324210744,98.24278174479974,108.16296405638789,124.3382704108639,124.72992145693566,121.4311713771405,115.03904570580221,136.29416036460108,102.31742102052438,,,,,,,,,,,,,,,,,
2100,2021,1,"Fabricación de productos farmacéuticos, sustancias químicas medicinales",78.83779557511555,68.06818863012491,95.43410232396803,82.4135079038392,103.91870934888784,105.80988978757883,97.36656275296671,97.87022663769015,107.51346962875486,102.95408817545783,102.66696660682265,105.08529870869316,95.12786015426865,113.01616581546376,99.09198898790959,,,,,,,,,,,,,,,,,
2100,2021,2,"Fabricación de productos farmacéuticos, sustancias químicas medicinales",104.80563050418168,89.42737850936146,112.76436726925184,96.06039231744366,105.60377751545035,106.05447486291798,104.04230033929834,97.79571561626823,110.24429847221195,108.11723527604617,106.64459561533546,119.04816314567597,100.09104070979048,118.43640725273833,109.08850747907157,,,,,,,,,,,,,,,,,
2100,2021,3,"Fabricación de productos farmacéuticos, sustancias químicas medicinales",130.4313061535985,111.17868689132851,123.3116456262079,105.08180953443167,105.90931185334355,106.14395720755425,105.09636416871912,97.8453896305495,110.7018968189534,112.90118920345954,112.05004281444128,119.21897354206997,105.44808331332003,122.48354866484088,115.14687955257973,,,,,,,,,,,,,,,,,
2100,2021,4,"Fabricación de productos farmacéuticos, sustancias químicas medicinales",120.21893969399726,102.16471785558767,123.5691200062174,104.93245587830675,106.77499247737428,106.16781916612392,108.87859320369958,97.9074821484011,112.04516938519446,114.69146202830437,113.66883380369826,122.28210056592378,107.09641772391917,124.45630982766575,105.88794126728384,,,,,,,,,,,,,,,,,
2100,2021,5,"Fabricación de productos farmacéuticos, sustancias químicas medicinales",102.3578419728024,86.68171403202646,113.94767409773989,96.50345590939658,106.99719926856933,106.45416266896001,108.87859320369958,98.04408568767461,112.31825226954015,110.85824714940054,109.65499319362854,119.78961206527019,103.6708115878709,120.09903779041517,98.39246583264267,,,,,,,,,,,,,,,,,
2100,2021,6,"Fabricación de productos farmacéuticos, sustancias químicas medicinales",120.84198579223504,102.45234366701803,132.31732385536762,112.09300876783787,108.21933662014213,107.02088418498978,112.37147138354491,98.8637069233157,113.77961473171447,112.12394849363552,109.98187459483852,128.023870181108,103.49320203974008,123.22038481968897,113.77887142974494,,,,,,,,,,,,,,,,,
2100,2021,7,"Fabricación de productos farmacéuticos, sustancias químicas medicinales",134.43263031981644,113.58420980644898,137.0342188229979,115.63031131993988,109.22852579681967,107.17598691569266,116.33971168254081,99.67090965538648,114.90884936157646,113.67241985974432,111.72153290987109,128.15322266562194,103.69471071309694,126.50062826756796,116.71779982749696,,,,,,,,,,,,,,,,,
2100,2021,8,"Fabricación de productos farmacéuticos, sustancias químicas medicinales",147.221607824425,123.45678518903152,140.28862089983295,117.4094363320226,109.87199962965533,107.90377665206772,116.69106629234774,100.01862775535544,115.7280980146136,114.11291236037559,111.48582738352005,133.6129144012934,104.1986432227144,126.85955678946337,120.0077771822586,,,,,,,,,,,,,,,,,
2100,2021,9,"Fabricación de productos farmacéuticos, sustancias químicas medicinales",139.600218043819,117.77521293393912,133.01386713195146,112.22057939666732,110.97840427748072,108.38101582346121,119.97726528995369,100.95001552312944,116.93851944792969,114.04366694300985,111.58861196658455,132.26674593460018,104.06123837275523,126.87794305121517,122.94730518136387,,,,,,,,,,,,,,,,,
2100,2021,10,"Fabricación de productos farmacéuticos, sustancias químicas medicinales",144.18336023288512,121.51743134447821,137.72296819790512,116.00404897249517,111.19598176052588,108.6613938366549,119.97726528995369,102.26637690158333,116.50306295667572,113.86039995269302,111.89266035863693,128.46629448527725,105.02097356271155,125.22513330678149,119.6812060687298,,,,,,,,,,,,,,,,,
2100,2021,11,"Fabricación de productos farmacéuticos, sustancias químicas medicinales",136.74965881902907,114.92093255409482,148.5612158868635,124.88870719187943,112.64032590329374,109.61587217944187,123.11878885999211,102.9990686122322,118.37035943612071,115.44288843113353,112.89118306391143,134.38337201161096,105.2976824777338,128.48644526343833,121.7494427601883,,,,,,,,,,,,,,,,,
2100,2021,12,"Fabricación de productos farmacéuticos, sustancias químicas medicinales",133.51395830437508,112.06018562601743,140.57244614333203,117.84919987588596,111.45985232507002,109.53832081409043,118.11715264979938,102.60167649798197,116.72448151155064,130.9391264742251,131.0272120243238,130.28529592750388,117.28935092580451,148.48846198617355,111.91717976915632,,,,,,,,,,,,,,,,,
2100,2022,1,"Fabricación de productos farmacéuticos, sustancias químicas medicinales",109.54587852525528,89.93373529926926,121.0799681437957,99.76061363530675,110.06643057195102,109.71132001372055,111.29673963590021,100.56504191244953,115.71333677762193,107.70772340876387,106.87846406302725,113.8630473045555,100.5147372998531,116.95565031498079,108.43755203342005,,,,,,,,,,,,,,,,,
2100,2022,2,"Fabricación de productos farmacéuticos, sustancias químicas medicinales",122.21888133448778,100.78466714403382,133.2352602007839,109.66008967226858,113.15880841608221,110.94021088005877,120.84531785535904,102.29121390872399,119.61768396191596,115.42584467831033,113.75212395053371,127.84933226820704,106.60397961344316,126.76799966945262,120.33868658793165,,,,,,,,,,,,,,,,,
2100,2022,3,"Fabricación de productos farmacéuticos, sustancias químicas medicinales",148.34665564708246,121.42135401005068,137.82095769542104,112.81260389626,113.65414438812118,110.99986577648295,122.8501059230809,103.12325364793543,119.91290870174916,115.4576809906519,113.20988301027273,132.1423583387855,106.01161766383528,127.60235941421747,126.35364046932902,,,,,,,,,,,,,,,,,
2100,2022,4,"Fabricación de productos farmacéuticos, sustancias químicas medicinales",129.60488186192526,105.86363568967106,137.72164289599783,112.32943817325986,114.19114413350924,111.06548616254956,125.02023733659428,103.21018317292767,120.71739611779462,118.56847140213956,115.69608474719422,139.88926845560235,108.44543039555077,131.58353105609828,123.58270626249801,,,,,,,,,,,,,,,,,
2100,2022,5,"Fabricación de productos farmacéuticos, sustancias químicas medicinales",151.45184182608386,122.37996481118971,145.44080975716537,117.71871070743984,115.07997129828946,111.58448376143998,127.19036875010767,104.05464141570941,121.63259281127753,116.65001080506602,113.48115480510135,140.17140391228315,105.8581756689238,130.52493020736404,127.72775041770012,,,,,,,,,,,,,,,,,
2100,2022,6,"Fabricación de productos farmacéuticos, sustancias químicas medicinales",149.98082621225834,122.21177789650615,153.86798938463394,125.32941941731521,117.27426336134064,112.3301699667423,134.40347221026164,104.66314809065507,124.76935567200526,120.48920321014855,117.00704949394105,146.33610392750109,109.4401811660615,134.69478441130133,127.2958963606695,,,,,,,,,,,,,,,,,
2100,2022,7,"Fabricación de productos farmacéuticos, sustancias químicas medicinales",157.40688335616312,123.14176847380027,151.1669792440825,117.88108512266189,117.54276323403468,112.5210656352997,134.940838084084,104.29059298354548,125.41885009963829,121.47342140038624,117.77104912774821,148.95493323145405,109.47125035410527,136.90445364086506,127.96275887751675,,,,,,,,,,,,,,,,,
2100,2022,8,"Fabricación de productos farmacéuticos, sustancias químicas medicinales",159.26115644645532,124.75519892137852,158.53959409093997,124.25962168221815,118.36215077656645,112.70599581421467,137.95835414477878,104.94877367277242,126.33404679312122,120.03295692839754,115.4999713858397,153.67984239653615,106.68711907937123,137.19152376854785,135.54838613915646,,,,,,,,,,,,,,,,,
2100,2022,9,"Fabricación de productos farmacéuticos, sustancias químicas medicinales",172.85932387363948,133.96463777828416,166.7472919757512,129.01839691113884,119.9685207045807,114.2271956730314,139.85980262138096,105.42067680844457,128.61465790833267,119.8815930003297,115.89607735757063,149.46478648382762,107.94938653903492,135.22267270118468,138.25431650515873,,,,,,,,,,,,,,,,,
2100,2022,10,"Fabricación de productos farmacéuticos, sustancias químicas medicinales",171.47613389956945,131.1682780863412,160.90512568394152,123.29547446796938,120.2786843506238,114.3882638933767,140.68651935033844,106.31480906550759,128.57775481585352,118.50162824334187,114.01233256586188,151.82421797468808,106.49103150792813,133.9434932806668,131.10421145000495,,,,,,,,,,,,,,,,,
2100,2022,11,"Fabricación de productos farmacéuticos, sustancias químicas medicinales",171.29542598143095,129.97939575702878,186.40473169448845,141.1855843775729,120.07036548387843,114.73426229263698,138.55772377327293,105.76839490841351,128.5703741973577,118.05129581607635,113.76380156727042,149.87597881594212,104.61777274037962,135.32259838999914,133.01432973753762,,,,,,,,,,,,,,,,,
2100,2022,12,"Fabricación de productos farmacéuticos, sustancias químicas medicinales",150.88421459840825,115.71502020814329,150.89861733927523,115.74799658227204,119.11209869684976,114.92515796119437,133.618091317752,105.3834212977336,127.27138534209163,135.05974607068495,133.6422666668094,145.58123719565657,117.48784096710561,157.65171156879288,127.28517407764622,,,,,,,,,,,,,,,,,
2100,2023,1,"Fabricación de productos farmacéuticos, sustancias químicas medicinales",104.42575839595425,77.40805739531177,124.6737509614328,92.24776107469917,116.47339305140848,114.20929920410414,124.31752811698041,101.93107730518471,125.11624474130929,111.01330629920906,108.68431712152724,128.3006396432671,98.47753487710102,127.1303814706851,119.87653502722665,,,,,,,,,,,,,,,,,
2100,2023,2,"Fabricación de productos farmacéuticos, sustancias químicas medicinales",137.6107549674161,98.98801414804707,144.76597606716243,104.18712957508438,119.05191769090109,115.55153437364832,131.17927696732747,104.01738590499843,127.98730533618715,119.5652066360026,116.36238357735564,143.3387262330231,107.32312317461525,135.30469108884577,128.08786393634458,,,,,,,,,,,,,,,,,
2100,2023,3,"Fabricación de productos farmacéuticos, sustancias químicas medicinales",167.77844854096003,119.28384202646984,174.28556926734092,124.0251917859699,119.45003819179223,116.41653037179901,129.9598697921152,105.48276932629618,127.75112554432059,120.25677470359305,116.77012992208876,146.13701114598862,106.4932882339654,137.95230683984192,134.9144311554038,,,,,,,,,,,,,,,,,
2100,2023,4,"Fabricación de productos farmacéuticos, sustancias químicas medicinales",139.56970242952244,100.06858886078025,148.80950276504217,106.5635237858928,119.5194778140407,116.8341146467683,128.82313428979867,105.01086619062403,128.14229832459958,120.980404682957,118.207695420269,141.56132869478682,108.18961623821217,137.42535186050617,127.28298729624018,,,,,,,,,,,,,,,,,
2100,2023,5,"Fabricación de productos farmacéuticos, sustancias químicas medicinales",165.15883145990819,118.22531357194335,164.94301381466937,117.95296060091891,120.1444344142768,117.18011304602857,130.4145639930418,105.65662837628066,128.75488965975347,120.56077001152238,117.62826719944572,142.32778985453263,106.59210045288492,138.5201033258664,137.81149327042996,,,,,,,,,,,,,,,,,
2100,2023,6,"Fabricación de productos farmacéuticos, sustancias químicas medicinales",165.31634538764746,119.40393468368615,173.10625036777213,124.99893674534374,120.82031340416178,117.48435301779192,132.37801622431581,107.01024526544552,129.02797254409919,122.52024277897455,119.87185870725575,142.17834111177467,109.8260332697168,138.8410196992007,129.32614654286456,,,,,,,,,,,,,,,,,
2100,2023,7,"Fabricación de productos farmacéuticos, sustancias químicas medicinales",154.80185935741005,112.3702432498582,156.0523155783399,113.21825449298962,119.45929680809206,116.81025268819862,128.63712302578324,106.27755355479665,127.29352719757915,119.78269875797398,117.50412592759767,136.69580786337406,106.21671249191282,137.22430750011486,128.85098010572665,,,,,,,,,,,,,,,,,
2100,2023,8,"Fabricación de productos farmacéuticos, sustancias químicas medicinales",173.11519204467987,125.33767791306556,169.0471300866553,122.47197973079808,119.96389139643082,116.99518286711358,130.24922064725033,107.58149642968021,127.32304967156249,119.98055809349836,117.23999270893884,140.32288849506128,105.60173111803756,138.46722536253023,129.82349823007368,,,,,,,,,,,,,,,,,
2100,2023,9,"Fabricación de productos farmacéuticos, sustancias químicas medicinales",171.13031165885545,124.18994321059043,172.0563718263556,124.84254340015701,120.67680485151496,116.88780405355004,133.80410258176747,107.76777398323502,128.34895564248285,119.8608238404053,116.94553441959616,141.50007424778423,106.1096867910855,137.54047849064025,132.3786817617286,,,,,,,,,,,,,,,,,
2100,2023,10,"Fabricación de productos farmacéuticos, sustancias químicas medicinales",172.43226917719102,123.679698126801,166.41582574742958,119.42124651851587,121.02400296275722,117.88404082383396,131.90265410516528,107.17168581185967,129.25677171746992,119.40292478946957,116.99246853134781,137.29496192074487,106.08958825925623,136.5197051147861,130.9506076915626,,,,,,,,,,,,,,,,,
2100,2023,11,"Fabricación de productos farmacéuticos, sustancias químicas medicinales",167.55992631583158,120.37313796662508,180.22117122148003,129.46074769779696,121.12584774205497,118.1524878577428,131.42729198601472,107.78019248680535,129.0574950180825,119.25418752361942,116.50226817549131,139.68079472426177,105.02281587940786,137.5512734275996,131.88866637343014,,,,,,,,,,,,,,,,,
2100,2023,12,"Fabricación de productos farmacéuticos, sustancias químicas medicinales",148.18130437078844,106.72464545415758,160.90936330581346,115.87801613103483,121.2739856028517,118.2539011816639,131.73731075937377,107.64358894753182,129.3748616134032,137.4982884277201,137.93645078925425,134.2459509436099,119.38821467153498,160.78217022973266,120.34782169090217,,,,,,,,,,,,,,,,,
2100,2024,1,"Fabricación de productos farmacéuticos, sustancias químicas medicinales",133.59170141372562,95.00180261625955,131.75935235971846,93.7400641850334,118.24641807281907,117.72893809313106,120.0392690446255,104.87426265135052,126.19381504170049,109.21938791953082,107.31340491753173,123.36688324471841,93.87056117841881,128.95317103112993,117.9619020942105,,,,,,,,,,,,,,,,,
2100,2024,2,"Fabricación de productos farmacéuticos, sustancias químicas medicinales",157.55451253997532,110.79646122031302,156.79069486411464,110.26016193289774,120.71846862486407,118.56410664306966,128.18242882485663,106.31480906550762,129.2789135729574,119.29425087276698,117.32187557256852,133.93455475260558,104.67182880157618,138.09410512783126,128.8836407441463,,,,,,,,,,,,,,,,,
2100,2024,3,"Fabricación de productos farmacéuticos, sustancias químicas medicinales",150.58548713038962,105.51972324990018,151.316914144431,106.0823803728467,120.75087378191336,118.29565960916082,129.25716057250136,105.20956224774915,129.9874529485571,119.30595918952567,116.65286765309118,138.99899951026018,102.77395053340997,140.5609436076526,123.85182145811574,,,,,,,,,,,,,,,,,
2100,2024,4,"Fabricación de productos farmacéuticos, sustancias químicas medicinales",162.66628354633147,113.09945012349469,150.3249456408171,104.57280474830455,120.9730805731084,118.43883136057887,129.75319060987587,105.45793231915555,130.1941102664403,121.81134977799147,119.13050457822533,141.71039656459158,105.08894199757877,143.31112782672568,134.41894881359013,,,,,,,,,,,,,,,,,
2100,2024,5,"Fabricación de productos farmacéuticos, sustancias químicas medicinales",161.00082824589776,111.59008987226338,162.19594021271593,112.41242107351806,114.20503205795899,110.57631601187116,126.77701038562897,91.17665321328779,127.89135729574137,106.70119146122691,102.69482259097737,136.43917170731788,83.21885038028445,136.89212616001436,129.74286948339187,,,,,,,,,,,,,,,,,
2100,2024,6,"Fabricación de productos farmacéuticos, sustancias químicas medicinales",162.3296389914011,111.57029569009734,162.59836840540015,111.76375073381139,114.08004073791177,110.65983286686502,125.92962573844756,91.40018627755354,127.55922946342902,109.41556231671154,105.94249680462404,135.19500423450106,86.62932145933364,138.71153018399747,125.48118522964353,,,,,,,,,,,,,,,,,
2100,2024,7,"Fabricación de productos farmacéuticos, sustancias químicas medicinales",165.60127938649055,113.8814853738493,166.99019385512472,114.85436866599137,114.22354929055858,110.49876464651972,127.1283649954359,91.51195280968642,127.72160307033727,109.50885881964014,105.87871936936465,136.45420977433764,85.7092866450321,140.10765333105317,131.20483866535193,,,,,,,,,,,,,,,,,
2100,2024,8,"Fabricación de productos farmacéuticos, sustancias químicas medicinales",155.25665143994485,106.24204738541994,165.53352256168446,113.28106073501465,112.99678263083587,111.20269242432512,119.21255231566808,90.6178205526234,126.2971437006421,108.99598059204365,105.87492912630559,132.16253610428495,85.37453511887723,139.3657599642591,126.55831615480344,,,,,,,,,,,,,,,,,
2100,2024,9,"Fabricación de productos farmacéuticos, sustancias químicas medicinales",147.3915703076246,100.28355498696182,167.2233333771048,113.77441759605631,112.7838344559406,111.63220767857926,116.77373796524353,90.99037565973299,125.73621669495903,110.77816520956033,108.38700099994783,128.52700370485064,87.2767290012037,140.99365026058229,128.59378639583878,,,,,,,,,,,,,,,,,
2100,2024,10,"Fabricación de productos farmacéuticos, sustancias químicas medicinales",163.2211026536437,110.72328499380512,165.072494882334,111.9695019950263,113.07548086938412,111.65606963714893,117.99314514045582,91.47469729897546,125.91335153885895,106.81311619608078,103.98048911325323,127.83879080612296,84.68339701037532,135.26500285146892,131.6136257056153,,,,,,,,,,,,,,,,,
2100,2024,11,"Fabricación de productos farmacéuticos, sustancias químicas medicinales",150.69906089179247,101.61753538097675,176.88674117305763,119.2451423015522,113.49211860287485,111.67993159571861,119.7705861077144,91.49953430611609,126.56284596649198,107.97037624196825,105.10934410328252,129.20689239390427,85.22661140401082,137.21173325405186,125.71316041202596,,,,,,,,,,,,,,,,,
2100,2024,12,"Fabricación de productos farmacéuticos, sustancias químicas medicinales",145.49550644061705,98.3864270931343,150.70713647817186,101.84202677303296,112.26072263500225,111.45920847894912,115.03763283443284,90.72958708475626,125.05719979334266,118.64103803742027,118.00242302561072,123.38127070722607,88.18186832421486,157.8019888395947,119.30744280163134,,,,,,,,,,,,,,,,,
2100,2025,1,"Fabricación de productos farmacéuticos, sustancias químicas medicinales",117.78820782825952,78.01070684738805,126.90979495494857,83.94718457575719,109.82107724000653,111.41745005145219,104.29031535798565,88.59360447066126,122.43708022732302,102.27819513525048,101.43952423009652,108.50337799238612,83.33712449146876,126.63047862182452,113.54329863924285,,,,,,,,,,,,,,,,,
2100,2025,2,"Fabricación de productos farmacéuticos, sustancias químicas medicinales",157.01416420254114,102.93613078480423,157.59605385342556,103.31911060093148,111.61724880216657,111.78731040928216,111.02805669898909,90.3197764669357,124.27485423278466,106.65905967244426,104.64785248090972,121.58760012132325,85.20565682897521,134.24141537034376,121.87535904437642,,,,,,,,,,,,,,,,,
2100,2025,3,"Fabricación de productos farmacéuticos, sustancias químicas medicinales",155.8806830999347,101.38566493011614,161.57468408175757,105.08898346126996,112.14498993125483,111.59641474072477,114.04557275968389,89.54982924557588,125.57384308805072,108.77031459844454,106.15816276681342,128.1594727325536,86.15214310916402,137.8501979067164,126.81836678878636,,,,,,,,,,,,,,,,,
2100,2025,4,"Fabricación de productos farmacéuticos, sustancias químicas medicinales",159.49082272364132,102.67521926672086,164.12876049959186,105.63869900831351,112.13110200680514,111.63817316822171,113.83889357744452,89.71126979199005,125.45575319211746,110.22744093361217,107.89088427492538,127.57094524143544,87.56303242235306,139.36677056822816,126.72084339220929,,,,,,,,,,,,,,,,,
2100,2025,5,"Fabricación de productos farmacéuticos, sustancias químicas medicinales",171.86915854108358,110.13304408629747,185.78408058792553,119.05978155836807,112.25609332685234,111.54272533394301,114.72761406107381,90.23284694194348,125.34504391468002,109.33921062025212,107.00670446616223,126.65264934260581,86.84419470286021,138.26075444201948,129.6892580682754,,,,,,,,,,,,,,,,,
2100,2025,6,"Fabricación de productos farmacéuticos, sustancias químicas medicinales",162.77674147192536,104.49530220891153,174.35477011438442,111.93206835095965,112.05703307640677,110.70755678400441,116.73240212879568,89.56224774914621,125.42623071813414,109.28235314235518,106.66554256853405,128.70609161285003,86.68631323997674,138.3337821626735,113.5033722432482,,,,,,,,,,,,,,,,,
2100,2025,7,"Fabricación de productos farmacéuticos, sustancias químicas medicinales",182.4262297183759,117.38222278375996,190.2071831411529,122.40148303328328,111.97833483785853,110.33173093653204,117.68312636709679,89.33871468488046,125.43361133662995,109.86471947498302,106.54983392968443,134.47004266331052,86.75863905401,139.57190083011096,126.38347945432152,,,,,,,,,,,,,,,,,
2100,2025,8,"Fabricación de productos farmacéuticos, sustancias químicas medicinales",177.1571548454444,113.69472742273746,178.17339344619393,114.3549786171951,112.24683471055255,110.6657983565075,117.72446220354466,89.10276311704438,126.00191896080887,108.60409432371391,105.54966882867001,131.2761068059587,85.36366040118104,138.48401219511024,115.21618641488496,,,,,,,,,,,,,,,,,
2100,2025,9,"Fabricación de productos farmacéuticos, sustancias químicas medicinales",177.43301844471503,114.16491180436803,183.77378282532723,118.286113283709,112.6449552114437,111.35779515502804,117.10442465682655,89.27662216702885,126.53332349250863,109.26049515894093,106.21150021993653,131.89219838024215,84.68076820723304,140.86232432729818,126.47624131074024,,,,,,,,,,,,,,,,,
2100,2025,10,"Fabricación de productos farmacéuticos, sustancias químicas medicinales",181.54201862069758,116.80818357600916,186.29038683732523,119.93351357076713,113.64488577182146,112.13927429818489,118.86119770586119,89.02825209562245,128.2751494575245,108.13386699538319,105.36222845680085,128.70684336850883,85.5516366189607,137.16754129120798,125.89575665943268,,,,,,,,,,,,,,,,,
2100,2025,11,"Fabricación de productos farmacéuticos, sustancias químicas medicinales",177.26947703936116,114.27735104858594,188.52125919015126,121.58908530971371,113.07548086938412,112.49123818708759,115.09963658910466,88.43216392424709,127.72160307033725,107.90599737692972,105.09893463751992,128.7419161346825,84.36030142456123,138.17838659422037,115.32414992914264,,,,,,,,,,,,,,,,,
2100,2025,12,"Fabricación de productos farmacéuticos, sustancias químicas medicinales",159.82152651789315,102.78127151438481,160.1096578533563,103.00712432638777,110.61731824178882,110.87459049399214,109.72597785088107,87.7491462278795,124.2084286663222,117.9854776643583,116.63435069816784,128.01445610638376,88.62452249927142,155.73446857747342,108.74878040643854,,,,,,,,,,,,,,,,,
2100,2026,1,"Fabricación de productos farmacéuticos, sustancias químicas medicinales",127.86181513306376,82.88262121369156,141.52016658033745,91.6594248930821,109.29796541906818,111.00583126612536,103.38092695613244,86.14715926730825,123.05705218097273,103.27156135065454,101.54349080913855,116.09847002825069,83.29578705175771,128.9541496129108,109.4614595208097,,,,,,,,,,,,,,,,,
2100,2026,2,"Fabricación de productos farmacéuticos, sustancias químicas medicinales",174.8867265487644,112.04871937117528,159.26762141384114,102.00527481877279,110.14049950234944,111.22655438289485,106.3777750986033,86.59422539583977,124.13462248136389,109.39410496234598,106.62155113252273,129.97387524629767,85.58699720037701,140.0025878785543,113.2917129655415,,,,,,,,,,,,,,,,,
2100,2026,3,"Fabricación de productos farmacéuticos, sustancias químicas medicinales",185.77527464899507,117.69933839939142,182.10769765327007,115.12144651866998,111.15894729532678,111.55465631322787,109.7879816055529,87.22756907792609,125.38194700715916,110.60359019355924,107.15800288714054,136.17907027861713,84.7674343961152,143.82079327649078,118.1304958864848,,,,,,,,,,,,,,,,,
2100,2026,4,"Fabricación de productos farmacéuticos, sustancias químicas medicinales",168.95199067059752,106.6563602624788,181.8234510938628,115.00091094107216,110.88118880633297,111.28024378967662,109.49863075041779,86.38311083514435,125.4409919551258,109.80456481082405,106.25600724178717,136.1443598491089,84.0668670566221,142.89518169249712,116.18101553364292,,,,,,,,,,,,,,,,,
2100,2026,5,"Fabricación de productos farmacéuticos, sustancias químicas medicinales",174.60699696354715,109.12000035536127,179.94351696217424,112.26461280159965,111.31634377242328,111.4353465203795,110.9040491896455,86.6563179136914,125.97239648682556,110.11096398497033,106.56372523128871,136.44096988345,84.56682468263757,142.95272533044968,118.33686456401553,,,,,,,,,,,,,,,,,
2100,2026,6,"Fabricación de productos farmacéuticos, sustancias químicas medicinales",179.1122092159515,112.9811371656112,189.714119977445,119.67924447956,111.97370552970867,112.98040833776592,108.48590275744489,87.21515057435579,126.68831648092105,112.65956921532953,109.59830182582193,135.38236686713765,84.39442531819029,148.99969010484836,114.6066387332774,,,,,,,,,,,,,,,,,
