NIT,RazonSocial,Categoria,Subcategoria,DetalleActividadVeterinaria,ObjetoSocialPrincipal,Ciudad,Departamento,Direccion,Telefono,Celular,Email,FechaConstitucion,EstadoActual,Tamano,TipoSocietario,RevisorFiscalObligada,FirmaRevisorFiscal,Ingresos_COP_M_2018,Ingresos_COP_M_2019,Ingresos_COP_M_2020,Ingresos_COP_M_2021,Ingresos_COP_M_2022,Ingresos_COP_M_2023,Ingresos_COP_M_2024,Ingresos_COP_M_2025,EBITDA_COP_M_2018,EBITDA_COP_M_2019,EBITDA_COP_M_2020,EBITDA_COP_M_2021,EBITDA_COP_M_2022,EBITDA_COP_M_2023,EBITDA_COP_M_2024,EBITDA_COP_M_2025,UtilidadNeta_COP_M_2018,UtilidadNeta_COP_M_2019,UtilidadNeta_COP_M_2020,UtilidadNeta_COP_M_2021,UtilidadNeta_COP_M_2022,UtilidadNeta_COP_M_2023,UtilidadNeta_COP_M_2024,UtilidadNeta_COP_M_2025,TotalActivos_COP_M_2018,TotalActivos_COP_M_2019,TotalActivos_COP_M_2020,TotalActivos_COP_M_2021,TotalActivos_COP_M_2022,TotalActivos_COP_M_2023,TotalActivos_COP_M_2024,TotalActivos_COP_M_2025,TotalPatrimonio_COP_M_2018,TotalPatrimonio_COP_M_2019,TotalPatrimonio_COP_M_2020,TotalPatrimonio_COP_M_2021,TotalPatrimonio_COP_M_2022,TotalPatrimonio_COP_M_2023,TotalPatrimonio_COP_M_2024,TotalPatrimonio_COP_M_2025
890106527,PROCAPS S.A.,VETERINARIO_MIXTO,Laboratorio Farmacéutico Mixto (Humano + Veterinario),"Líder en cápsula blanda, formulaciones humanas y veterinarias",FABRICACION DE MEDICAMENTOS FABRICACION DE MEDICAMENTOS,BARRANQUILLA-ATLANTICO,ATLANTICO,CALLE 80#78B 201,3719291,3104245290,contacto@procaps.com.co,1976-07-26,ACTIVA,XL,01. SOCIEDAD ANÓNIMA,SI,ARGUELLES AUDITORES & ASOCIADOS S.A.,728961.607,810721.031,823999.214,1079488.4,1119102.629,1162874.778,948494.512,1024429.487,113909.03,155430.774,143231.565,228918.612,190846.101,257231.058,-13901.216,190933.5,-119.725,36055.762,27581.9,78282.262,37446.436,35842.587,-159659.804,-48117.769,1024869.488,1136916.968,1236741.061,1588685.269,1971730.521,1768381.19,1757583.247,1453692.182,188603.453,227023.074,255876.098,250696.369,327101.514,288787.541,117827.476,21192.486
890105927,C.I FARMACAPSULAS S.A.S,VETERINARIO_MIXTO,Laboratorio Farmacéutico Mixto (Humano + Veterinario),Cápsulas y envases para uso humano y veterinario,"El objeto social principal de la compañía C.I. FARMACAPSULAS S.A.S. es la fabricación, elaboración o ensamblaje compra venta, representación y distribución de cápsulas y otros envases de gelatinas, celulosa y otras materias primas  para uso y consumo humano y veterinario los cuales pueden ser utilizados para envasar productos farmacéuticos y nutracéuticos; la fabricación, importación y/o exportación de toda clase de productos farmacéuticos, nutracéuticos, alimenticios y de cosméticos; compra y/o importación de materia prima, insumos y/o productos intermedios necesarios para los procesos de fabricación, comercialización interna y externa de los productos terminados, entre otros",BARRANQUILLA-ATLANTICO,ATLANTICO,CALLE 79B CRA 78C - 21,6053304100,6053304100,EMARTINEZ@FARMACAPSULAS.COM,1976-04-05,ACTIVA,L,08. SOCIEDAD POR ACCIONES SIMPLIFICADA SAS,SI,,203953.031,256724.342,290099.811,346558.347,500637.207,545143.679,566982.873,571040.23,31342.033,39375.702,44081.73,51133.196,76030.178,76816.527,89882.679,107974.908,13505.374,17436.174,19041.015,22092.032,25256.925,39013.827,33445.119,59344.092,330117.187,347775.219,365431.277,432158.562,590176.632,589696.135,665720.342,617541.843,154183.699,171308.139,189849.155,211141.186,204887.204,243901.033,277346.151,184690.243
800093391,NOVAMED S.A.S,VETERINARIO_MIXTO,Laboratorio Farmacéutico Mixto (Humano + Veterinario),Cápsulas y medicamentos para uso humano y veterinario,"El objeto social de la sociedad consiste principalmente en la fabricación, elaboración o ensamblaje, compraventa, representación y distribución de cápsulas y otros envases de gelatina, celulosa y otras materias primas para uso y consumo humano y veterinario, los cuales pueden ser utilizados para envasar productos farmacéuticos y nutracéuticos, la fabricación, importación y/o exportación de toda clase de productos farmacéuticos, nutracéuticos, alimenticios y de cosméticos, compra y/o importación de materias primas, insumos y/o productos intermedios necesarios para los procesos de fabricación, comercialización interna y externa de los productos, entre otros.",BARRANQUILLA-ATLANTICO,ATLANTICO,CALLE 79B 78C 21,6053304100,6053304100,EMARTINEZ@FARMACAPSULAS.COM,1990-04-17,ACTIVA,L,08. SOCIEDAD POR ACCIONES SIMPLIFICADA SAS,SI,,148736.014,171914.218,152244.535,225099.352,381186.412,466928.067,487380.604,510951.245,13219.479,18105.83,15876.142,30323.997,67372.555,62597.472,56837.695,61926.555,7084.956,11030.417,8754.715,19374.202,42823.748,36638.42,31906.456,35604.794,75161.233,87082.138,86401.909,112027.036,177922.824,219200.416,257689.379,225607.362,39086.842,49017.259,56771.974,75546.175,108121.67,141760.09,173666.546,68261.179
800013834,LABORATORIOS LA SANTE S.A.,VETERINARIO_MIXTO,Laboratorio Farmacéutico Mixto (Humano + Veterinario),Farmacéutica humana con alcance y licencias veterinarias,"La fabricación de productos químicos, farmacéuticos, naturales, cosméticos y alimenticios, bien sean humanos o veterinarios",BOGOTA D.C.,BOGOTA D.C.,CL 17 A 32 34,3647500,3112547672,impuestos@pharmetiquelabs.com,1991-07-26,ACTIVA,L,01. SOCIEDAD ANÓNIMA,SI,CONSULTORES INTEGRADOS S.A.S,193601.551,196349.59,224592.106,266147.706,283996.409,296426.985,310131.103,315174.582,45420.979,38704.845,38723.257,63225.375,60642.035,36681.324,76633.087,63188.297,18354.395,6983.843,10027.326,26251.57,19846.431,887.069,25240.66,6466.788,454438.895,488053.853,493532.279,473717.862,479489.138,487290.766,521748.137,476590.242,175213.68,165949.136,157800.929,176492.507,130903.233,111989.545,139888.704,141822.752
890318919,VALLECILLA B Y VALLECILLA M Y CIA S.C.A CARVAL DE COLOMBIA,VETERINARIO_ESPECIALIZADO,Laboratorio Veterinario Especializado,"Líder nacional en salud animal, nutrición y fármacos veterinarios",PRODUCTORA Y COMERCIALIZADORA PRODUCTOS AGRICOLAS,CALI-VALLE,VALLE,CR 1 NRO 58-41,6933365,3137910505,impuestos@carval.com.co,1980-11-05,ACTIVA,L,05. SOCIEDAD EN COMANDITA POR ACCIONES,SI,CONSULTORES INTEGRADOS SAS,163393.952,170152.558,177384.004,197008.329,243709.432,270748.363,291478.935,320206.898,3916.466,2953.114,16165.262,10951.41,23229.645,33387.36,36640.686,35149.919,5257.425,2406.572,5729.919,9439.212,7253.672,8402.175,15142.932,13679.889,240990.617,259100.051,259462.949,318350.024,368129.271,371829.328,378289.612,412656.926,82329.698,105877.228,108107.147,147753.677,148219.835,155997.469,153308.056,169059.441
890203194,LABORATORIOS CHALVER DE COLOMBIA SAS,VETERINARIO_MIXTO,Laboratorio Farmacéutico Mixto (Humano + Veterinario),"Fuerte división humana, veterinaria y agroquímicos","PRODUCCION Y COMERCIALIZACION DE MEDICAMENTOS DE USO HUMANO, VETERINARIO Y AGROQUIMICOS",BOGOTA D.C.,BOGOTA D.C.,AV 68 37B 31 SUR,7245090,6017245090,NOTIFICACIONESCHALVER@CHALVER.COM,1970-10-15,ACTIVA,L,08. SOCIEDAD POR ACCIONES SIMPLIFICADA SAS,SI,,154637.83,153919.824,141478.049,179357.029,202249.025,207267.727,180472.242,164524.198,18004.745,17676.133,27699.496,51926.408,43885.941,35111.309,15854.192,18170.995,5290.222,9787.783,12483.704,32952.536,26266.536,19607.192,6228.486,7111.921,174916.272,185134.535,152192.268,184835.989,152719.458,169189.937,157266.143,148483.371,65163.449,104551.232,119434.936,145245.572,112742.043,108709.353,97291.648,98798.082
900463029,ALTEA FARMACEUTICA,VETERINARIO_MIXTO,Laboratorio Farmacéutico Mixto (Humano + Veterinario),Manufactura para terceros de fármacos humanos y pecuarios,"La fabricación, venta, importación, exportación, comercialización y distribución de productos farmacéuticos, cosméticos, químicos y equipos para apoyo tecnológico en áreas de la salud, química, clínica, microbiología, bancos de sangre, áreas de infecciosas proteínas plasmáticas, hematología y patología, materias primas e insumos químicos agropecuarios y veterinarios y elementos para la dotación de laboratorios químicos, bioquímicos, bacteriológicos, físicos, de control de calidad, docencia, investigación y desarrollo.",BOGOTA D.C.,BOGOTA D.C.,CL 10 No. 65 - 28,4466300,3204769029,notificaciones.altea@alteafarma.com.co,2011-09-01,ACTIVA,L,01. SOCIEDAD ANÓNIMA,SI,CROWE CO S.A.S,66859.77,71659.497,91423.981,100347.464,106846.064,134300.203,77857.06,140506.623,14394.634,18503.626,23411.362,24964.673,27051.657,36276.688,3753.245,29896.643,6338.328,9962.297,13012.688,14807.295,14964.385,18891.476,-2872.724,14021.762,35984.583,48892.803,62223.035,69122.567,92145.922,107394.66,127346.056,127725.308,14274.871,19781.738,32733.016,30205.484,33540.417,40716.42,37792.799,51871.498
900303919,PHARMETIQUE SA,VETERINARIO_MIXTO,Laboratorio Farmacéutico Mixto (Humano + Veterinario),Productos químicos y farmacéuticos de uso humano y veterinario,"Fabricación y producción de productos químicos, farmacéuticos, cosméticos y alimenticios de uso humano y veterinario",BOGOTA D.C.,BOGOTA D.C.,CR 65 B 13 13,4238000,3112547672,impuestos@pharmetiquelabs.com,2009-07-29,ACTIVA,L,01. SOCIEDAD ANÓNIMA,SI,ERNST & YOUNG AUDIT SAS,77761.175,75849.934,84670.234,89856.325,117815.299,129096.535,128469.63,123470.735,6345.488,3529.96,5135.354,8400.843,11092.085,12588.075,16016.356,16588.018,2842.855,341.986,161.704,3881.604,1836.856,1801.323,2316.498,-1777.764,153951.452,158750.641,170802.468,177201.551,208924.549,205872.625,207166.635,221985.981,88959.575,89301.561,89463.265,108466.681,114970.073,116771.396,114268.161,126599.703
899999002,EMPRESA COLOMBIANA DE PRODUCTOS VETERINARIOS S.A VECOL S.A,VETERINARIO_ESPECIALIZADO,Laboratorio Veterinario Especializado,"Vacunas, biológicos y fármacos veterinarios para ganadería y animales","Promoción y estimulo del incremento de la producción agropecuaria, y de insumos, asi como el mejoramiento de la salud humana y animal, mediante la producción, distribución, venta, comercialización, importación y exportación de productos biotecnologicos, quimicos, farmacéuticos, agrícolas e industriales.",BOGOTA D.C.,BOGOTA D.C.,AVENIDA EL DORADO 82 93,4254800,3132865565,vecol@vecol.com.co,1974-08-06,ACTIVA,L,01. SOCIEDAD ANÓNIMA,SI,BDO AUDIT S.A.S. BIC,0.0,77838.029,89560.838,105824.118,120939.722,120653.306,133422.332,156178.939,0.0,9913.628,11994.83,17629.833,17944.438,17666.947,23725.599,29172.541,0.0,5395.898,7686.651,8317.688,9737.186,14613.371,16097.351,20119.518,0.0,349340.722,361437.567,365697.088,380703.926,388885.182,425722.068,444227.069,0.0,318104.771,316085.863,318673.586,325367.643,338849.059,354872.972,375609.261
800059688,ALURA ANIMAL HEALTH & NUTRITION S.A.S,VETERINARIO_ESPECIALIZADO,Laboratorio Veterinario Especializado,"Especialista en nutrición, premezclas y salud animal",Fabricación de productos farmacéuticos,BOGOTA D.C.,BOGOTA D.C.,CR 129 22B 57 INT 23,6014181205,3188603475,rut.alura@iluma.bio,1989-03-16,ACTIVA,L,08. SOCIEDAD POR ACCIONES SIMPLIFICADA SAS,SI,CROWE CO S.A.S,67186.877,79902.829,63088.199,70068.223,78349.298,117018.987,121148.476,149885.274,9603.86,8331.448,6471.858,6103.292,9387.568,15167.87,17695.434,19200.935,4453.611,4330.831,3106.196,2025.587,5110.765,6473.185,5799.141,8986.037,54432.623,59212.289,46436.202,53158.851,75406.678,77845.65,116179.473,119972.601,11346.565,14021.954,12262.984,8072.365,12879.801,19352.986,25152.127,32550.993
890914979,PROQUIDENT S.A.S,VETERINARIO_MIXTO,Laboratorio Farmacéutico Mixto (Humano + Veterinario),Cuidado oral humano y línea veterinaria/dental de mascotas,"Actividades que desarrolla. La compañía tiene por objeto: A) La investigación, fabricación, distribución y venta de productos químicos, farmacéuticos, dentales, cosméticos y aquellos que tengan que ver con la salud y el hogar. B) La explotación de almacenes o centros destinados a la distribución al por mayor y al detal de los productos químicos, farmacéuticos, dentales, cosméticos y aquellos que tengan que ver con la salud y el hogar. C) La importación y exportación de los productos químicos, farmacéuticos, dentales, cosméticos y aquellos que tengan que ver con la salud y el hogar. D) La investigación, fabricación, distribución y venta de productos para la salud y cuidado de mascotas y, cualquier otro animal. E) La explotación de almacenes o centros destinados a la distribución al por mayor y al detal de los productos para la salud y cuidado de mascotas y, cualquier otro animal. F) La importación y exportación de los productos para la salud y cuidado de mascotas y, cualquier otro animal. G) La representación de empresas nacionales y extranjeras con iguales o similares actividades y/o relacionadas directa o indirectamente con las de su objeto social; podrá también adquirir bienes muebles e inmuebles los cuales podrán ser enajenados de acuerdo con los intereses sociales. Para el desarrollo de sus actividades principales la sociedad podrá recibir dinero en mutuo, constituyendo las garantías exigidas para tal caso y en general realizar toda clase de actos y contratos que sean necesarios para cumplir el objetivo de la sociedad; podrá adquirir, usufructuar, gravar o limitar, dar o tomar en arriendo o a otro título toda clase de bienes muebles o inmuebles, y enajenarlos cuando por razones de necesidad o conveniencia fuere aconsejable, tomar dinero en mutuo, dar en garantía sus bienes muebles o inmuebles y celebrar todas las operaciones de crédito que le permitan obtener fondos u otros activos necesarios para el desarrollo de la empresa conforme a la ley; constituir compañías filiales para el establecimiento y explotación de empresas destinadas a la realización de cualquiera de las actividades comprendidas en el objeto social, y tomar interés como participe, asociada o accionista, fundadora o no, en otras empresas de objeto análogo o complementario al suyo, hacer aportes en dinero, en especie, o en servicios a esas empresas, enajenar sus cuotas, derechos o acciones en ellas, fusionarse con tales empresas o absorberlas, adquirir patentes, nombres comerciales, marcas y demás derechos de propiedad industrial y, adquirir u otorgar concesiones para su explotación y en general celebrar o ejecutar toda clase de contratos, actos u operaciones sobre bienes muebles o inmuebles de carácter civil o comercial, que guarden relación de medio con el objeto social expresado en el presente artículo y todas aquellas que tengan como finalidad ejercer los derechos y cumplir las obligaciones, legal y convencionalmente derivados de la existencia de las actividades desarrolladas por la compañía. La sociedad también podrá garantizar obligaciones de terceros y caucionar dichas obligaciones con bienes propios.",GUARNE-ANTIOQUIA,ANTIOQUIA,AUT MEDELLIN BOGOTA ENTRE RETORNO 11 Y 12 ENTRANDO 1.5KMVIA BATALLON JUAN DEL CORRAL VRD GARRIDO,6042886055,3145668633,documental@proquident.com.co,1975-03-31,ACTIVA,L,08. SOCIEDAD POR ACCIONES SIMPLIFICADA SAS,SI,CROWE SAS,35580.882,42383.976,59599.879,58691.431,62516.23,91291.464,117485.299,144396.382,7723.988,6524.895,12098.733,7048.119,4476.219,16120.813,22522.642,25530.941,3517.994,2829.43,5068.114,2750.632,487.465,9223.178,17411.004,19038.249,20353.463,25344.94,32541.276,34803.951,33657.507,49011.1,67097.975,78706.309,7012.879,9842.309,14910.422,17661.054,16773.519,24996.698,37407.702,49445.951
830064580,MANUFACTURERA MUNDIAL FARMACEUTICA S A (M M F S A),VETERINARIO_MIXTO,Laboratorio Farmacéutico Mixto (Humano + Veterinario),Fabricación de productos farmacéuticos humanos y veterinarios,"la fabricación deproductos químicos, farmacéuticos, cosméticos y alimenticios, humanoso veterinarios",BOGOTA D.C.,BOGOTA D.C.,CR 106 N 15 25 IN 92 MZ 14 ZF,4224666,3112547672,impuestos@pharmetiquelabs.com,1999-11-05,ACTIVA,M,02. SUCURSAL EXTRANJERA,SI,CONSULTORES INTEGRADOS SAS,25474.314,36608.439,37373.271,45785.084,59587.067,67022.678,55712.845,62647.83,2801.644,3577.448,4842.525,7580.65,4756.295,15668.82,2111.523,12892.007,3037.034,2261.202,1262.396,2115.801,3530.71,14560.819,767.427,4940.901,152616.399,154598.635,155424.263,165361.034,186765.273,186763.717,186481.514,190310.91,118851.438,121112.64,122375.036,124490.836,130054.141,144614.96,145328.166,143883.504
800174633,Laboratorio Internacional de Colombia S A S,VETERINARIO_MIXTO,Laboratorio Farmacéutico Mixto (Humano + Veterinario),Industria farmacéutica humana y veterinaria,"Explotacion de la industria farmaceutica en todos sus aspectos, tales como la elaboracion , distribucion, compra y venta de los productos de la misma, entre ellos los farmaceuticos propiamente tales, los veterinarios, los cosmeticos y los alimentos modificados.Explotacion de la industria farmaceutica en todos sus aspectos, tales como la elaboracion , distribucion, compra y venta de los productos de la misma, entre ellos los farmaceuticos propiamente tales, los veterinarios, los cosmeticos y los alimentos modificados.Explotacion de la industria farmaceutica en todos sus aspectos, tales como la elaboracion , distribucion, compra y venta de los productos de la misma, entre ellos los farmaceuticos propiamente tales, los veterinarios, los cosmeticos y los alimentos modificados. Explotacion de la industria farmaceutica en todos sus aspectos, tales como la elaboracion , distribucion, compra y venta de los productos de la misma, entre ellos los farmaceuticos propiamente tales, los veterinarios, los cosmeticos y los alimentos modificados.",BOGOTA D.C.,BOGOTA D.C.,Cr 32 A 10 99,3511492,3164717346,impuestos@bussie.com.co,1992-09-14,ACTIVA,M,08. SOCIEDAD POR ACCIONES SIMPLIFICADA SAS,SI,KPMG S A S,34564.849,34077.905,28951.606,40239.975,51049.398,57156.962,62656.22,63530.726,4952.496,7165.546,4939.144,8626.934,12006.279,9138.94,8776.86,14490.165,1507.324,3762.264,2425.171,5013.7,7873.194,5970.11,5493.771,11455.929,38332.155,38816.401,40701.459,50921.839,57016.353,74243.101,76601.819,90156.88,25807.687,29569.951,31995.122,37008.822,44882.016,50852.126,56345.897,67801.826
860521601,LABORATORIOS SERVINSUMOS SA,VETERINARIO_ESPECIALIZADO,Laboratorio Veterinario Especializado,Farmacéuticos y biológicos veterinarios,FABRICACION Y COMERCIALIZACION DE PRODUCTOS FARMACEUTICOS VETERINARIOS,TOCANCIPA-CUNDINAMARCA,CUNDINAMARCA,BODEGA M24 PARQUE INDUSTRIAL GRAN SABANA,6018697761,3157155584,hugo.baez@servinsumos.cc,1984-09-26,ACTIVA,M,01. SOCIEDAD ANÓNIMA,SI,EXPERTOS EN AUDITORIAS INTEGRALES SAS,25318.484,28871.26,32953.281,40158.462,47747.322,50771.722,54497.88,68396.429,392.756,1567.062,3620.057,5025.784,6879.576,2150.18,4515.337,11660.799,21.622,1838.588,4035.257,5466.422,4733.565,1675.793,2911.46,8060.415,21928.658,23314.281,27339.795,35600.312,47897.578,40898.253,43585.015,44414.258,6064.582,8637.426,12193.913,15862.545,17813.429,18344.856,20539.857,26424.661
800193165,KYROVET LABORATORIES S.A.,VETERINARIO_ESPECIALIZADO,Laboratorio Veterinario Especializado,Fabricación y comercialización de productos farmacéuticos veterinarios,FABRICACION Y COMERCIALIZACION DE PRODUCTOS FARMACEUTICOS VETERINARIOS,TOCANCIPA-CUNDINAMARCA,CUNDINAMARCA,Parque Industrial Gran Sabana Unidad Privada N° 28,6017424842,3102227143,kyrovet@kyrovet.com,1993-03-31,ACTIVA,M,01. SOCIEDAD ANÓNIMA,SI,,28644.174,32772.492,35527.175,41375.011,46589.552,48441.7,58536.367,68921.064,4104.52,4873.221,7308.773,8533.368,9512.481,6186.977,9085.3,10789.89,2714.054,3112.39,5042.036,5138.854,5512.441,934.45,-243.09,2790.447,32353.064,38535.622,45277.562,63358.192,79645.684,78732.968,75912.769,90930.899,15032.261,16867.341,20505.676,24072.388,27731.945,28312.975,25834.551,33795.473
890308184,LABORATORIOS EDO S.A.S.,VETERINARIO_ESPECIALIZADO,Laboratorio Veterinario Especializado,Fabricación de productos farmacéuticos de uso veterinario,FABRICACIÓN DE PRODUCTOS FARMACÉUTICOS DE USO VETERINARIO,YUMBO-VALLE,VALLE,CL 13 38 86 URB ACOPI,6026644408,3155751173,jefe.contabilidad@laboratoriosedo.com,1973-08-21,ACTIVA,M,08. SOCIEDAD POR ACCIONES SIMPLIFICADA SAS,SI,,0.0,0.0,27181.501,31073.721,37067.343,40239.027,45289.307,55407.776,0.0,0.0,3887.468,5678.717,8004.526,7548.444,9472.466,11473.907,0.0,0.0,1988.478,3400.461,3951.13,2544.694,4501.166,5593.606,0.0,0.0,24432.203,32855.258,36226.398,37564.907,39820.922,47467.11,0.0,0.0,13268.238,16668.698,11368.762,13913.456,18414.622,24008.228
860529588,LABORATORIOS PROVET SAS,VETERINARIO_ESPECIALIZADO,Laboratorio Veterinario Especializado,Laboratorio farmacéutico veterinario especializado,"FABRICACION DE PRODUCTOS FARMACEUTICOS , SUSTANCIAS QUIMICAS  MEDICINALES Y PRODUCTOS BOTANICOS  DE USO FARMACEUTICO",FUNZA-CUNDINAMARCA,CUNDINAMARCA,AUTOPISTA MEDELLIN KM7 CELTA TRADE PARK PL 77,6018237680,3208385679,legal@laboratoriosprovet.com,1985-09-28,ACTIVA,M,08. SOCIEDAD POR ACCIONES SIMPLIFICADA SAS,SI,JPA COLOMBIA SAS,16823.237,20259.501,24657.83,34866.393,36686.745,39593.454,37329.005,45058.803,5551.968,6573.344,9666.699,16127.377,15691.072,13974.22,13309.464,19156.099,2456.515,3288.431,5222.47,10300.577,10061.172,8140.755,8506.659,11684.503,14293.091,15465.647,19600.696,30516.172,29756.692,29171.781,28586.99,31031.388,8992.978,9824.894,11773.655,20907.662,16517.498,12620.44,12986.344,16164.187
860024141,QUIBI SA EN REESTRUCTURACION,VETERINARIO_MIXTO,Laboratorio Farmacéutico Mixto (Humano + Veterinario),Fabricación de medicamentos para ser humano y veterinario,"FABRICACION,DISTRIBUCION DE MEDICAMENTOS PARA SER HUMANO Y VETERINARIO",BOGOTA D.C.,BOGOTA D.C.,AV CL1 16 71,7428272,3175097399,antoniomalaver@quibi.com.co,1968-12-05,ACTIVA,M,01. SOCIEDAD ANÓNIMA,SI,,11883.14,17267.288,17561.674,23978.563,28666.39,29508.263,29272.768,32082.588,1621.555,2922.022,2834.835,3135.464,3926.12,8910.008,3973.038,6391.424,620.944,339.021,287.075,153.591,223.241,3246.417,194.267,1871.996,16687.232,20536.724,20017.217,20471.637,35806.155,38315.953,41587.92,42426.191,4973.858,5514.431,7764.316,7870.769,17368.988,20494.623,21885.394,23757.39
890302442,LABORATORIOS LAVERLAM S.A.,VETERINARIO_MIXTO,Laboratorio Farmacéutico Mixto (Humano + Veterinario),División humana y biotecnología/veterinaria,"explotación industrial y comercial y el mejoramiento científico de productos de laboratorio, que comprenda las siguientes actividades: A) Fabricación y producción para aplicación o uso de productos en humanos, agrícolas y animales; B) La elaboración de fórmulas científicas para los mismos productos; C) La compra, venta, transformación, importación, exportación, distribución, agencia o cualquier clase de operación comercial o industrial relacionada con tales productos; D) La investigación de enfermedades humanas, agrícolas y animales y de componentes utilizados en la elaboración de fórmulas para productos de uso humano, agrícola y veterinarios. E) La participación a cualquier título en investigaciones, en instituciones y en sociedades comerciales que se propongan actividades similares. F) La participación en sociedades comerciales de cualquier naturaleza y objeto social, bien sea como constituyente de las mismas o por compra o suscripción de cuotas o acciones, según el caso. G) La creación de establecimientos de comercio para la venta y distribución de sus productos, al por mayor o al detal. En desarrollo del anterior objeto social, la compañía podrá ejecutar y celebrar toda clase de actos y contratos que sean necesarios y convenientes para el logro de sus fines y que se relacionen directamente con las actividades principales.",CALI-VALLE,VALLE,CARRERA 5 # 47 - 165,6024474411,3127569101,caliercolombia@calier.co,1962-04-28,ACTIVA,M,01. SOCIEDAD ANÓNIMA,SI,Ernst & Young Audit S.A.S,11141.24,7272.168,16438.376,21202.378,24174.138,27836.776,29724.115,30361.303,-180.367,-10006.232,727.981,592.103,2026.08,68.431,-1579.496,-3186.737,-1783.949,-9732.628,-1111.049,209.996,-1403.765,-212.763,-2518.304,-4496.939,28351.36,27984.756,30645.897,33261.816,35559.575,37551.512,40110.913,44741.723,14201.365,4207.837,5581.019,5791.015,4687.251,20065.925,17547.621,13050.682
800238326,LIMOR DE COLOMBIA SAS,VETERINARIO_ESPECIALIZADO,Laboratorio Veterinario Especializado,Producción de vacunas biotecnológicas y fármacos veterinarios,PRODUCCION DE VACUNA BIOTECNOLOGICAS VETERINARIAS,SOACHA-CUNDINAMARCA,CUNDINAMARCA,VIA SOACHA SIBATE 300 MTS DESPUES DEL DESVIO,6016201023,3114777016,gmojica@limorcolombia.com,1994-08-02,ACTIVA,N/A,08. SOCIEDAD POR ACCIONES SIMPLIFICADA SAS,SI,,16103.903,18277.27,26578.129,21477.885,22932.647,26270.502,11020.527,0.0,2886.719,4493.167,5946.478,7118.505,7239.454,4709.732,-2485.357,-9979.892,2029.13,2837.269,4702.428,5735.828,5232.602,1592.691,-2392.884,-6929.38,17420.31,21064.7,27028.825,22661.65,27700.705,26025.167,28343.207,23606.091,18945.091,21782.36,26484.788,26736.4,32483.456,34076.147,31683.263,17753.883
800223046,PHARVET SAS,VETERINARIO_ESPECIALIZADO,Laboratorio Veterinario Especializado,Comercialización y desarrollo de productos farmacéuticos veterinarios,COMERCIALIZACION PRODUCTOS FARMACEUTICOS VETERINARIOS,BOGOTA D.C.,BOGOTA D.C.,CL 91 B 60 A 58,6014851315,3142582311,jefatura.contable@pharvet.com.co,1994-03-15,ACTIVA,M,08. SOCIEDAD POR ACCIONES SIMPLIFICADA SAS,SI,,18760.013,22251.753,19607.087,23757.701,24670.741,25647.356,29538.981,33158.983,1092.001,2736.846,2445.797,3798.619,3396.23,4010.642,3653.233,6119.781,717.575,1572.065,1296.74,2006.749,1913.899,2123.649,3174.724,3071.556,16234.808,15043.455,15956.577,20489.769,16910.51,16762.607,20770.72,26298.706,5899.818,6346.88,6842.652,8947.736,8901.496,11025.072,13380.635,16499.767
830072323,ARBOFARMA SAS,VETERINARIO_MIXTO,Laboratorio Farmacéutico Mixto (Humano + Veterinario),"Productos farmacéuticos, cosméticos y veterinarios","PRODUCCION, ELABORACION, ENVASE, COMPRA, VENTA, IMPORTACION, EXPORTACION, REPRESENTACION, DISTRIBUCION Y COMERCIALIZACION DE PRODUCTOS FARMACEUTICOS, COSMETICOS Y VETERINARIOS",BOGOTA D.C.,BOGOTA D.C.,CL 20 A 43 A 50 I 6,6012691140,3208382897,contabilidad@arbofarma.com,2000-06-08,ACTIVA,M,08. SOCIEDAD POR ACCIONES SIMPLIFICADA SAS,SI,,6534.155,9075.42,10401.271,10234.515,17189.55,23572.891,22963.694,26712.358,262.278,-55.476,1192.487,1087.12,5332.726,9212.355,7801.601,9645.855,-121.67,110.386,767.19,459.083,3340.28,5809.588,4925.448,5862.601,9062.412,6905.43,6921.054,7756.331,9426.137,12968.487,11776.497,12186.443,3311.504,3421.889,4189.08,3785.782,7126.062,8197.469,7313.328,8250.481
860070530,INVET SAS,VETERINARIO_ESPECIALIZADO,Laboratorio Veterinario Especializado,Fabricación de medicamentos y aditivos de uso veterinario,FABRICACION  DE MEDICAMENTOS DE USO VETERINARIO,COTA-CUNDINAMARCA,CUNDINAMARCA,"CIEM OIKOS DE OCCIDENTE AUT MEDELLIN KM 2,5 VIA BOGOTA SIBERIA 900 METROS ENTRADA A PARCELAS BG I138",3502950820,3502950820,atorres@invetcolombia.com.co,1979-05-25,ACTIVA,M,01. SOCIEDAD ANÓNIMA,SI,ASESORIAS ASIMFA SAS,9405.895,10949.525,13533.651,18393.464,21133.825,23266.035,26032.981,30929.357,2694.424,2930.944,4488.811,6952.297,6820.628,9203.361,10365.435,12306.558,1310.158,1495.543,2668.461,4251.554,4680.44,5238.59,6397.002,7358.971,8384.967,9370.885,13299.867,18807.283,21064.161,27130.328,32564.101,33767.659,6718.573,8149.667,10628.506,11180.406,11800.491,17069.39,17971.892,21880.892
830052144,LABORATORIO COLOMBIANO DE VETERINARIA SAS,VETERINARIO_ESPECIALIZADO,Laboratorio Veterinario Especializado,Elaboración de productos veterinarios e insumos agropecuarios,ELABORACION DE PRODUCTOS VETERINARIOS  INSUMOS AGROPECUARIOS,TOCANCIPA-CUNDINAMARCA,CUNDINAMARCA,PARQUE INDUSTRIAL DEL NORTE B 15,6691086,3114501367,juanromero@silveragro.com,1998-11-30,ACTIVA,M,08. SOCIEDAD POR ACCIONES SIMPLIFICADA SAS,SI,JPA  COLOMBIAS  SAS,0.0,7986.255,10285.854,14899.348,17375.922,22346.119,23775.099,28855.047,0.0,441.652,1217.55,1544.835,2264.978,2221.923,3068.094,3224.457,0.0,174.038,542.779,692.718,875.981,999.451,1029.235,1908.96,0.0,6085.928,7331.624,11223.446,15316.591,17425.073,20665.99,22007.292,0.0,1680.342,1997.949,2690.667,3566.648,4562.879,5811.913,7720.872
860010469,LABORATORIOS ZOO S A S,VETERINARIO_ESPECIALIZADO,Laboratorio Veterinario Especializado,Fabricación y comercialización de productos agropecuarios y salud animal,FABRICACION Y COMERCIALIZACION DE PRODUCTOS AGROPECUARIOS,COTA-CUNDINAMARCA,CUNDINAMARCA,AUT MEDELLIN ENTRADA PARQUE LA FLORIDA KM 1 BG 10 TERRAPUERTO INDUSTRIAL EL DORADO,6018985482,3145897060,contabilidad@laboratorioszoo.net,1965-04-07,ACTIVA,M,08. SOCIEDAD POR ACCIONES SIMPLIFICADA SAS,SI,,11321.681,12314.627,13629.064,16043.252,17374.329,18746.85,21840.661,25953.922,522.871,537.394,1424.241,3708.369,2333.034,3087.409,4190.056,5385.863,22.283,115.034,726.853,1384.366,1032.467,1162.538,1956.974,2993.616,6865.36,8596.911,8498.875,10551.093,12109.538,11905.979,13417.048,15648.756,2137.174,3140.976,3932.187,4788.809,4462.319,4569.214,6698.964,8030.898
800198146,LABORATORIOS BLASKOV SAS,VETERINARIO_MIXTO,Laboratorio Farmacéutico Mixto (Humano + Veterinario),Medicamentos tanto para uso humano como veterinario,FABRICACION Y COMERCIALIZACION DE TODO TIPO DROGAS O MEDICAMENTOS TANTO PARA USO HUMANO COMO VETERINARIO PRODUCTOS COSMETICOS Y DE TOCADOR  INCLUIDOS LOS DE ACCION TERAPEUTICA Y DEMAS,BOGOTA D.C.,BOGOTA D.C.,TV 25 53C 50,3450650,3183482361,contabilidad@blaskov.org,1993-04-20,ACTIVA,M,08. SOCIEDAD POR ACCIONES SIMPLIFICADA SAS,SI,,9421.481,10684.69,12191.858,19719.852,15725.357,16559.977,21968.642,29756.32,894.781,1147.731,1750.952,4920.32,2044.626,1673.878,2647.445,5931.965,488.848,611.232,1035.525,3204.924,1219.295,923.07,1540.304,3565.376,6667.663,7488.207,9585.083,14555.202,17227.387,15882.237,18743.288,23792.446,5211.608,5639.517,6281.835,8568.632,9787.927,10710.996,12251.301,15816.677
800106051,NOVALFARM SAS,VETERINARIO_ESPECIALIZADO,Laboratorio Veterinario Especializado,Fabricación de productos farmacéuticos veterinarios,FABRICACION DE PRODUCTOS FARMACEUTICOS VETERINARIOS,BOGOTA D.C.,BOGOTA D.C.,CALLE 2 A 69 F 14,6014144531,3165147018,compras.novalfarm@gmail.com,1990-09-13,ACTIVA,S,08. SOCIEDAD POR ACCIONES SIMPLIFICADA SAS,SI,,7700.437,7622.123,10242.651,12854.922,14221.531,16295.333,17244.306,17975.258,655.834,1139.418,1606.688,856.113,1239.726,3789.83,2001.725,3011.054,384.966,257.986,382.425,591.376,805.221,1065.096,1228.186,1451.123,4737.403,6847.903,7783.187,9118.312,8719.61,11358.832,14393.159,18523.506,2584.141,2710.917,3093.342,4067.143,4604.359,5669.455,6897.641,8348.764
800056544,LABORATORIOS CALLBEST LIMITADA LABORATORIOS CALLBEST LIMITADA,VETERINARIO_ESPECIALIZADO,Laboratorio Veterinario Especializado,Especialista en medicina y fármacos veterinarios,"Fabricación de productos farmacéuticos, sustancias químicas",BOGOTA D.C.,BOGOTA D.C.,CRA 19 B 168 16,6789851,3133106773,contabilidad@laboratoriosveterland.com,1989-01-30,ACTIVA,M,03. SOCIEDAD LIMITADA,SI,BLANCO Y BLANCO ASOCIADOS LTDA,7450.233,7526.962,9658.115,11550.984,12270.524,13895.257,16301.973,21011.029,1242.389,547.411,1494.699,2347.73,2222.559,2268.943,3833.551,6310.697,818.582,302.584,1054.09,1728.284,1591.174,1608.358,2599.727,3678.171,8446.79,8608.781,9553.668,11812.105,11864.529,13270.508,16952.319,21870.008,7157.321,7459.904,8513.994,10242.278,10787.266,12395.624,14995.351,18673.522
800152485,FARMATEC LTDA,VETERINARIO_ESPECIALIZADO,Laboratorio Veterinario Especializado,Producción y distribución de productos agrícolas y pecuarios,"PRODUCCION,FABRICACION, DISTRIBUCION PRODUCTOS AGRICOLAS Y PECUARIOS 2",BOGOTA D.C.,BOGOTA D.C.,CL 67 G 66 A 24,6012504692,3102408287,farmatec@outlook.com   far,1990-04-23,ACTIVA,S,03. SOCIEDAD LIMITADA,SI,,6218.679,7424.231,8849.978,9339.923,11302.453,13499.878,15226.361,17322.051,466.906,714.839,1019.014,1163.77,1202.23,1767.883,2097.828,2725.569,255.161,342.324,595.421,570.267,647.134,889.173,1179.307,1624.83,5056.092,6650.284,6445.854,6908.933,6307.59,8760.885,10575.771,15960.787,2214.337,2556.661,3152.082,3719.427,4366.559,6430.245,8628.661,14367.887
860023326,LABORATORIOS VM SAS VITAMINAS Y MINERALES PARA GANADERIA,VETERINARIO_ESPECIALIZADO,Laboratorio Veterinario Especializado,Vitaminas y minerales para ganadería,ELABORACION DE PRODUCTOS FARMACEUTICOS PARA EL SECTOR DE LA GANADERIA,BOGOTA D.C.,BOGOTA D.C.,AUT NORTE KM 19 URB IND EL PILAR,6760823,3153123496,MLMAURICIOLOPEZ@HOTMAIL.COM,1972-03-23,ACTIVA,N/A,08. SOCIEDAD POR ACCIONES SIMPLIFICADA SAS,SI,,7939.657,9104.143,9410.056,10848.395,12250.077,13006.654,14734.51,0.0,1034.857,1429.92,1825.715,1347.043,1740.128,1121.182,1424.792,0.0,324.684,325.195,417.886,370.997,521.972,499.567,512.572,0.0,17815.134,19036.395,20119.385,20584.218,22153.364,23586.181,23585.598,0.0,12346.21,13672.188,14090.074,15500.415,16022.387,16944.638,17117.205,0.0
830001242,LABORATORIOSSFC LTDA,VETERINARIO_ESPECIALIZADO,Laboratorio Veterinario Especializado,Elaboración de productos farmacéuticos veterinarios,ELABORACION PRODUCTOS FARMACEUTICOS VETERINARIOS,BOGOTA D.C.,BOGOTA D.C.,CRA 106 15 A 25 MZ 4 INT 38 BG 1,3142384698,3142384698,CONTABILIDAD@LABORATORIOSSFC.COM,1994-11-16,ACTIVA,S,03. SOCIEDAD LIMITADA,SI,,7027.673,7271.58,8999.72,11226.8,13410.483,11619.672,13441.244,15753.009,2092.724,1705.635,3318.724,4331.281,2497.816,2411.165,2687.252,3780.879,1229.773,933.632,2207.085,2569.16,1338.829,1305.045,941.515,2311.524,12465.232,13418.156,16204.372,18361.801,17728.829,19486.31,21343.176,23123.377,8128.416,9062.048,11331.962,13901.122,13534.124,14839.17,16489.022,18800.544
830085444,FINMARK LABORATORIES S.A,VETERINARIO_ESPECIALIZADO,Laboratorio Veterinario Especializado,Investigación en salud animal y productos biológicos,"Realiza actividades de investigación en el campo de la salud animal, se dedica a la producción, transformación, promoción, venta, distribución y comercialización de productos biológicos, alimenticios, farmacéuticos y químicos para uso veterinario",BOGOTA D.C.,BOGOTA D.C.,Carrera 16 N° 93 A - 36 Of. 204,6018785238,3160108097,contabilidad@finlab.com,2001-03-13,ACTIVA,S,01. SOCIEDAD ANÓNIMA,SI,,0.0,4520.788,4861.496,5361.271,5993.621,7148.932,8697.797,9870.989,0.0,961.674,1271.684,1355.435,1385.778,1654.001,1899.352,2013.874,0.0,486.596,448.77,598.187,599.617,627.386,816.505,936.786,0.0,5952.349,7310.481,7817.379,7919.969,7765.997,8274.983,8944.3,0.0,2193.182,2641.952,3240.139,3839.757,4467.142,5283.659,6220.445
860534393,LABORATORIOS PRANA SAS,VETERINARIO_MIXTO,Laboratorio Farmacéutico Mixto (Humano + Veterinario),Productos farmacéuticos y fitoterapéuticos humano y animal,"LA IMPORTACIÓN, EXPORTACIÓN, FABRICACIÓN, EMPAQUE, DISTRIBUCIÓN TRANSFORMACIÓN Y COMERCIALIZACIÓN DE TODA CLASE DE PRODUCTOS FARMACÉUTICOS, PRODUCTOS FARMACÉUTICOS A BASE DE RECURSOS NATURALES, PRODUCTOS FITOTERAPEUTICOS, SUPLEMENTOS DIETARIOS, PRODUCTOS AGRÍCOLAS, VETERINARIOS, ALIMENTICIOS, FUNGICIDAS, COSMÉTICOS Y SUS MATERIAS PRIMAS Y EN GENERAL TODOS AQUELLOS PARA LA SALUD, ALIMENTACIÓN Y CUIDADO DE LA SALUD HUMANA, ANIMAL Y DEL SECTOR AGRÍCOLA",BOGOTA D.C.,BOGOTA D.C.,CR 68 B 13-29,4200533,3164883769,dadministrativa@laboratoriosprana.com,1986-10-24,ACTIVA,S,08. SOCIEDAD POR ACCIONES SIMPLIFICADA SAS,SI,,0.0,0.0,5395.296,7516.816,9920.429,5904.121,6112.946,11282.381,0.0,0.0,752.501,788.32,1144.545,903.912,777.753,1659.331,0.0,0.0,173.165,236.0,446.98,121.946,95.166,364.644,0.0,0.0,6833.69,8247.591,8356.629,7409.977,7858.333,8373.209,0.0,0.0,2493.215,2729.262,3185.366,3350.337,3416.019,3780.662
830508914,PRODUCTOS MEDICOS VETERINARIOS SA PROMEVET SA,VETERINARIO_ESPECIALIZADO,Laboratorio Veterinario Especializado,Producción y comercialización de productos médicos veterinarios,PRODUCCION Y COMERCIALIZACION DE PRODUCTOS MEDICOS VETERINARIOS PARA LA SALUD ANIMAL,BUCARAMANGA-SANTANDER,SANTANDER,CALLE 18  31 28 BRR SAN ALONSO,6342666,3212051307,revisor.fiscal@promevet.co,2004-11-29,ACTIVA,S,01. SOCIEDAD ANÓNIMA,SI,,0.0,3981.902,4177.35,4928.826,5408.995,4686.907,4887.772,4834.238,0.0,272.45,322.072,376.448,371.144,265.667,348.53,510.641,0.0,168.982,200.688,239.28,180.901,89.871,186.795,217.151,0.0,2941.109,3431.763,4118.006,3972.603,3924.376,3550.515,3613.59,0.0,1047.662,1249.613,1476.304,1657.205,1728.738,1915.533,2132.684
900438605,BIO ESTERIL SAS,VETERINARIO_MIXTO,Laboratorio Farmacéutico Mixto (Humano + Veterinario),Fabricación y comercialización farmacéutica humana y veterinaria,Fabricacion y comercializacion de productos farmaceuticos de uso humano y veterinario,FUNZA-CUNDINAMARCA,CUNDINAMARCA,Km 3.3 vía Funza Siberia Parque Industrial Santa Lucia Bd 1B,3239632319,3239632319,gerencia@bioesteril.co,2011-05-26,ACTIVA,S,08. SOCIEDAD POR ACCIONES SIMPLIFICADA SAS,SI,GC4 Consultorias SAS,0.0,0.0,0.0,0.0,2989.665,2640.686,6416.398,7896.279,0.0,0.0,0.0,0.0,-2114.949,-3113.431,-50.467,-2105.554,0.0,0.0,0.0,0.0,-3108.847,-4687.223,-2343.144,-4653.311,0.0,0.0,0.0,0.0,20608.228,24709.552,48659.333,46949.41,0.0,0.0,0.0,0.0,9940.918,12288.981,28288.007,24564.835
900677820,BIONUTREC S.A.S.,VETERINARIO_MIXTO,Laboratorio Farmacéutico Mixto (Humano + Veterinario),Nutrición y fármacos de uso humano y veterinario,"Fabricación y producción de productos químicos, farmacéuticos, cosméticos y alimenticios de uso humano y veterinario",YUMBO-VALLE,VALLE,CALLE 15 32-450,6014238000,3112547672,impuestos@pharmetiquelabs.com,2013-11-13,ACTIVA,S,08. SOCIEDAD POR ACCIONES SIMPLIFICADA SAS,SI,CONSULTORES INTEGRADOS S.A.S.,908.232,1395.33,3764.929,17726.436,28546.889,2601.705,2318.887,4517.572,-652.44,-1157.662,-1204.356,50.211,6311.593,-1690.423,-1927.516,377.231,-1556.019,-824.303,-1769.117,538.363,3404.17,-2953.729,-1248.77,-345.62,9343.475,8960.779,11505.576,15824.435,16180.091,10648.075,8733.69,8833.291,5947.32,5123.017,8005.063,8543.428,11947.599,8993.87,7745.1,7399.48
860026583,LABORATORIOS VETERINARIOS LIMITADA,VETERINARIO_ESPECIALIZADO,Laboratorio Veterinario Especializado,Fabricación de productos farmacéuticos veterinarios,"FABRICACIÓN DE PRODUCTOS FARMACÉUTICOS, SUSTANCIAS QUÍMICAS MEDICINALES  Y PRODUCTOS  BOTÁNICOS  DE USO FARMACÉUTICO",BOGOTA D.C.,BOGOTA D.C.,TRANSVERSAL 93 No 63 76 INTERIOR 15 CENTRO EMPRESARIAL EL DORADO,7440595,3177938789,ADRIANACUERVOFRANCO@YAHOO.ES,1969-10-24,ACTIVA,S,03. SOCIEDAD LIMITADA,NO,,0.0,0.0,2520.997,2843.113,2766.951,2566.221,2376.426,2092.617,0.0,0.0,259.118,259.765,169.206,53.765,290.174,-95.304,0.0,0.0,141.379,187.668,100.438,16.182,144.969,-122.52,0.0,0.0,3956.693,4150.58,4058.724,3987.715,4226.967,3948.949,0.0,0.0,3708.761,3694.31,3794.749,3793.767,3938.736,3816.216
900139809,TECNOLOGIA AVICOLA LABORATORIOS LTDA,VETERINARIO_ESPECIALIZADO,Laboratorio Veterinario Especializado,Fabricación de fármacos y biológicos avícolas,FABRICACION PRODUCTOS FARMACEUTICOS,GIRON-SANTANDER,SANTANDER,KM.1 VIA PALENQE-CHIMITA ZONA INDUS,3164715759,3164715759,administracion@ta-laboratorios.co,2007-03-02,ACTIVA,S,03. SOCIEDAD LIMITADA,NO,,0.0,1585.364,1552.493,1446.713,2080.906,2422.587,2923.207,3009.337,0.0,-407.441,-315.548,-165.339,-59.41,78.068,133.186,123.566,0.0,-409.937,-315.548,-165.339,-59.41,79.892,131.248,121.628,0.0,1400.267,1323.243,1080.445,1371.227,1798.796,2007.575,2202.354,0.0,355.34,39.79,-125.549,-184.959,-105.067,26.18,147.808
805031223,REPRESENTACIONES FARMACEUTICAS DE COLOMBIA SAS,VETERINARIO_MIXTO,Laboratorio Farmacéutico Mixto (Humano + Veterinario),Desarrollo y análisis farmacéutico mixto,"La sociedad tendra por objeto, el desarrollo de las siguientes actividades: El estudio, analisis y desarrollo de formulas de caracter farmaceutico para el consumo animal y humana",CALI-VALLE,VALLE,AV 6 NORTE # 48N - 48,3175273341,3187084031,contabilidad@reprefarco.com,2004-07-07,ACTIVA,S,08. SOCIEDAD POR ACCIONES SIMPLIFICADA SAS,SI,ACTUALIZAMOS SA,0.0,0.0,0.0,0.0,1878.354,2330.946,3942.373,4854.591,0.0,0.0,0.0,0.0,198.995,277.583,379.282,525.191,0.0,0.0,0.0,0.0,125.897,177.795,243.57,331.623,0.0,0.0,0.0,0.0,4205.066,4732.326,5171.395,5539.825,0.0,0.0,0.0,0.0,2588.615,2766.41,3009.98,3341.604
811015620,ECOFLORA SAS,VETERINARIO_MIXTO,Laboratorio Farmacéutico Mixto (Humano + Veterinario),Desarrollo biotecnológico agropecuario y extractos botánicos,"La sociedad tiene por objeto llevar a cabo cualquier actividad comercial o civil lícita, y en especial la realización de: (a) todo tipo de actividades agroindustriales, biotecnológicas, agropecuarias y manufactureras, así como la investigación, desarrollo, elaboración, preparación, cultivo, producción, exportación, importación y comercialización de ingredientes y productos naturales, insumos, materias primas, productos formulados, plantas, suelos, sustratos, extractos y, en general, de todo tipo de productos y servicios útiles para la agricultura y la industria, incluyendo las de alimentos, cosméticos, aseo y limpieza, cuidado personal, textiles, veterinarios y farmacéuticos, buscando siempre que sus actividades sean útiles, activas y compatibles con la, protección del medio ambiente y el aprovechamiento sostenible de los recursos naturales; (b) actividades de reciclaje y compostaje de productos para que sirvan como abono y comercializar el producto de las mismas a nivel nacional e internacional; (c) cualquier acto o negocio jurídico que tenga conexión con, sea necesario para, o esté relacionado con, el desarrollo de las actividades señaladas en este artículo. En el desarrollo de su objeto social, la sociedad se compromete a procurar un impacto material positivo en la sociedad y el ambiente en los resultados, operaciones y negocios, según la evaluación de un tercero independiente especializado en la materia",SABANETA-ANTIOQUIA,ANTIOQUIA,CL 80 SUR NRO. 47D 65 IN 103,6046814,3108251035,contabilidad@ecofloracares.com,2012-05-16,ACTIVA,S,08. SOCIEDAD POR ACCIONES SIMPLIFICADA SAS,SI,PLANEACION TRIBUTARIA Y FINANCIERA SAS,695.066,932.664,1015.57,1466.655,1461.16,2284.403,4590.076,6761.751,11.745,1261.91,390.213,-678.729,-628.261,-1698.466,-161.6,-629.389,-605.037,24.177,-585.508,-1443.263,-2577.311,-500.917,-1718.735,-686.12,17306.532,16823.748,22828.631,22947.567,25433.227,25476.944,32075.729,44310.703,4917.238,6741.293,11813.731,10370.47,7793.159,7292.239,13911.819,24489.965
800148619,LABORATORIOS CALIER DE LOS ANDES SAS,VETERINARIO_ESPECIALIZADO,Laboratorio Veterinario Especializado,Laboratorio de salud animal veterinaria (Grupo Indukern),"PRODUCCION, DISTRIBUCION,VENTA,IMPORTACION Y EXPORTACION DE TODA CLASE DE ESPECIALIDADES ALIMENTICIAS Y FARMACEUTICAS VETERINARIAS.",CALI-VALLE,VALLE,CARRERA 5 # 47 - 165,6024474411,3127569101,caliercolombia@calier.co,1991-04-05,ACTIVA,N/A,08. SOCIEDAD POR ACCIONES SIMPLIFICADA SAS,SI,Ernst & Young Audit S.A.S,17816.712,14641.322,3637.727,3380.018,873.665,0.0,0.0,0.0,-1194.723,-9579.796,-513.446,-72.269,-343.439,0.0,0.0,0.0,-599.763,-7923.948,-2365.728,-473.086,-597.976,0.0,0.0,0.0,32258.997,19877.93,19549.797,19556.547,18172.304,0.0,0.0,0.0,8298.118,374.17,16737.045,16263.959,15665.984,0.0,0.0,0.0
860020246,VICAR FARMACEUTICA S A,VETERINARIO_MIXTO,Laboratorio Farmacéutico Mixto (Humano + Veterinario),Medicamentos para uso veterinario y humano,ELABORACION Y VENTA DE MEDICAMENTOS PARA USO VETERINARIO Y HUMANO,BOGOTA D.C.,BOGOTA D.C.,CALLE 17A N 68 82,7425602,3208544885,MVARON@VICAR.COM.CO,1967-02-02,ACTIVA,L,01. SOCIEDAD ANÓNIMA,SI,,33653.043,43508.249,58264.344,77584.521,86470.704,0.0,101626.719,132199.284,2599.986,2724.461,8083.028,9082.043,10436.593,0.0,11994.302,10921.514,706.066,863.631,2479.646,3619.113,3975.848,0.0,1042.727,2445.421,26864.825,35190.583,41137.787,58292.787,69744.545,0.0,78480.391,87822.661,5457.598,5382.754,7310.376,10374.489,11529.777,0.0,12616.736,14562.156
830062465,LABORATORIO EL MANA COLOMBIA SA,VETERINARIO_MIXTO,Laboratorio Farmacéutico Mixto (Humano + Veterinario),Medicamentos para uso humano y veterinario,EXPORTACION E IMPORTACION DE MEDICAMENTOS PARA USO HUMANO Y VETERINARIO,BOGOTA D.C.,BOGOTA D.C.,CLL 74A 83 54,6013077015,3125827703,contabilidad@elmana.com.co,1999-09-23,ACTIVA,S,01. SOCIEDAD ANÓNIMA,SI,,0.0,8034.599,7318.798,8308.378,8772.475,0.0,5945.564,5300.401,0.0,642.207,501.309,617.234,681.985,0.0,-603.337,286.568,0.0,312.471,465.904,327.638,443.29,0.0,-603.337,286.568,0.0,16799.427,17506.623,18346.239,16212.849,0.0,16967.133,13871.6,0.0,13133.839,13599.742,15121.778,12108.757,0.0,11373.081,8197.205
