NIT,RazonSocial,Anio,Ingresos,Costos,UtilidadBruta,GastosAdmon,GastosVentas,UtilidadOperativa,EBITDA,UtilidadNeta,TotalActivos,TotalPasivos,TotalPatrimonio,CIIU,Ciudad,Tamano,Subtipo
800164767,GABRICA SAS,2018,122733.06,66340.56,56392.5,7253.095,28414.262,18964.384,19466.589,11129.805,51768.195,25982.946,25785.249,G4759 - Comercio al por menor de otros artículos domésticos en establecimientos especializados,BOGOTA D.C.,L,DISTRIBUIDOR_MAYORISTA_PET
800164767,GABRICA SAS,2019,152583.875,84250.366,68333.509,11090.589,34030.481,21925.427,24359.822,12990.311,62011.89,23072.821,38939.069,G4759 - Comercio al por menor de otros artículos domésticos en establecimientos especializados,BOGOTA D.C.,L,DISTRIBUIDOR_MAYORISTA_PET
800164767,GABRICA SAS,2020,198646.971,112842.092,85804.879,11659.884,36572.582,36351.416,38964.377,25910.882,95240.617,30783.185,64457.432,G4759 - Comercio al por menor de otros artículos domésticos en establecimientos especializados,BOGOTA D.C.,L,DISTRIBUIDOR_MAYORISTA_PET
800164767,GABRICA SAS,2021,279419.464,162530.779,116888.685,12237.933,48912.41,53297.921,53954.876,43883.796,143227.041,43264.176,99962.865,G4759 - Comercio al por menor de otros artículos domésticos en establecimientos especializados,BOGOTA D.C.,L,DISTRIBUIDOR_MAYORISTA_PET
800164767,GABRICA SAS,2022,354639.125,207323.507,147315.618,14925.111,64238.529,63033.867,65411.393,48409.744,212519.515,79852.835,132666.68,G4759 - Comercio al por menor de otros artículos domésticos en establecimientos especializados,BOGOTA D.C.,L,DISTRIBUIDOR_MAYORISTA_PET
800164767,GABRICA SAS,2023,389020.107,231312.467,157707.64,15924.108,79496.731,55780.06,57286.396,37239.395,188895.994,49990.724,138905.27,G4759 - Comercio al por menor de otros artículos domésticos en establecimientos especializados,BOGOTA D.C.,L,DISTRIBUIDOR_MAYORISTA_PET
800164767,GABRICA SAS,2024,394274.982,224593.665,169681.317,15918.815,89618.362,57989.297,60802.745,43356.272,202725.524,58545.394,144180.13,G4759 - Comercio al por menor de otros artículos domésticos en establecimientos especializados,BOGOTA D.C.,L,DISTRIBUIDOR_MAYORISTA_PET
800164767,GABRICA SAS,2025,410143.995,243400.535,166743.46,20041.382,108150.214,35558.06,38749.613,20014.606,188361.596,49407.995,138953.601,G4759 - Comercio al por menor de otros artículos domésticos en establecimientos especializados,BOGOTA D.C.,L,DISTRIBUIDOR_MAYORISTA_PET
800221724,PRODUCTORA DE INSUMOS AGROPECUARIOS SOMEX S.A.S.,2018,95426.93,69228.109,26198.821,6297.432,10792.689,11391.571,13008.411,5235.679,59441.069,41018.904,18422.165,C1090 - Elaboración de alimentos preparados para animales,MEDELLIN-ANTIOQUIA,L,NUTRICION_SALES_GANADERAS
800221724,PRODUCTORA DE INSUMOS AGROPECUARIOS SOMEX S.A.S.,2019,108555.429,84128.943,24426.486,7059.358,12499.933,5233.242,6796.121,2426.585,71124.164,53511.278,17612.886,C1090 - Elaboración de alimentos preparados para animales,MEDELLIN-ANTIOQUIA,L,NUTRICION_SALES_GANADERAS
800221724,PRODUCTORA DE INSUMOS AGROPECUARIOS SOMEX S.A.S.,2020,119476.21,99531.328,19944.882,6986.166,12056.886,1356.718,2352.299,821.337,73102.432,56894.486,16207.946,C1090 - Elaboración de alimentos preparados para animales,MEDELLIN-ANTIOQUIA,L,NUTRICION_SALES_GANADERAS
800221724,PRODUCTORA DE INSUMOS AGROPECUARIOS SOMEX S.A.S.,2021,153824.413,122248.237,31576.176,7615.324,14633.132,9268.942,10278.622,1369.207,96984.529,80005.038,16979.491,C1090 - Elaboración de alimentos preparados para animales,MEDELLIN-ANTIOQUIA,L,NUTRICION_SALES_GANADERAS
800221724,PRODUCTORA DE INSUMOS AGROPECUARIOS SOMEX S.A.S.,2022,209533.029,173220.569,36312.46,8542.759,16451.065,12325.534,14011.402,-362.611,166703.509,150878.162,15825.347,C1090 - Elaboración de alimentos preparados para animales,MEDELLIN-ANTIOQUIA,L,NUTRICION_SALES_GANADERAS
800221724,PRODUCTORA DE INSUMOS AGROPECUARIOS SOMEX S.A.S.,2023,208504.818,178155.265,30349.553,9533.426,17639.331,3578.903,5351.125,-8388.085,137819.765,128683.054,9136.711,C1090 - Elaboración de alimentos preparados para animales,MEDELLIN-ANTIOQUIA,L,NUTRICION_SALES_GANADERAS
800221724,PRODUCTORA DE INSUMOS AGROPECUARIOS SOMEX S.A.S.,2024,222389.988,161128.099,61261.889,14132.87,20567.426,27838.21,31026.125,8628.288,118792.178,101156.476,17635.702,C1090 - Elaboración de alimentos preparados para animales,MEDELLIN-ANTIOQUIA,L,NUTRICION_SALES_GANADERAS
800221724,PRODUCTORA DE INSUMOS AGROPECUARIOS SOMEX S.A.S.,2025,223940.974,170064.744,53876.23,14380.037,24822.002,14844.365,18507.383,2496.245,168802.803,149659.572,19143.231,C1090 - Elaboración de alimentos preparados para animales,MEDELLIN-ANTIOQUIA,L,NUTRICION_SALES_GANADERAS
811047208,JARAMILLO PETS  S.A.S.,2018,61937.265,35456.604,26480.661,3196.646,9886.678,13425.648,13425.648,7943.962,52657.397,9528.132,43129.265,G4690 - Comercio al por mayor no especializado,MEDELLIN-ANTIOQUIA,L,DISTRIBUIDOR_MAYORISTA_PET
811047208,JARAMILLO PETS  S.A.S.,2019,72408.528,41237.034,31171.494,4441.445,12614.993,11689.486,95515.895,12585.107,56979.333,10598.628,46380.705,G4690 - Comercio al por mayor no especializado,MEDELLIN-ANTIOQUIA,L,DISTRIBUIDOR_MAYORISTA_PET
811047208,JARAMILLO PETS  S.A.S.,2020,92172.413,56847.734,35324.679,3973.04,11136.344,15618.019,15751.869,16508.74,62950.03,2876.601,60073.429,G4690 - Comercio al por mayor no especializado,MEDELLIN-ANTIOQUIA,L,DISTRIBUIDOR_MAYORISTA_PET
811047208,JARAMILLO PETS  S.A.S.,2021,119413.326,68132.78,51280.546,13802.619,4575.665,28148.882,28148.882,28148.882,91115.461,3686.682,87428.779,G4690 - Comercio al por mayor no especializado,MEDELLIN-ANTIOQUIA,L,DISTRIBUIDOR_MAYORISTA_PET
811047208,JARAMILLO PETS  S.A.S.,2022,150379.896,102793.741,47586.155,17529.465,3811.116,25470.152,25470.152,25470.152,106626.284,6328.784,100297.5,G4690 - Comercio al por mayor no especializado,MEDELLIN-ANTIOQUIA,L,DISTRIBUIDOR_MAYORISTA_PET
811047208,JARAMILLO PETS  S.A.S.,2023,150379.896,102793.741,47586.155,17529.465,3811.116,19612.017,19612.017,25470.152,106626.284,6328.784,100297.5,G4690 - Comercio al por mayor no especializado,MEDELLIN-ANTIOQUIA,L,DISTRIBUIDOR_MAYORISTA_PET
811047208,JARAMILLO PETS  S.A.S.,2024,158128.347,102179.23,55949.117,3801.348,20039.392,25105.763,25105.763,19609.921,186060.701,38003.888,148056.813,G4690 - Comercio al por mayor no especializado,MEDELLIN-ANTIOQUIA,L,DISTRIBUIDOR_MAYORISTA_PET
811047208,JARAMILLO PETS  S.A.S.,2025,164598.865,103588.393,61010.472,5615.828,23528.507,37764.456,37764.456,37404.531,210829.353,36772.208,174057.145,G4690 - Comercio al por mayor no especializado,MEDELLIN-ANTIOQUIA,L,DISTRIBUIDOR_MAYORISTA_PET
830033494,HEEL COLOMBIA LTDA,2018,62109.242,16958.523,45150.719,3186.233,35093.321,6998.297,7347.989,3913.13,20765.94,9334.461,11431.479,"G4645 - Comercio al por mayor de productos farmacéuticos, medicinales, cosméticos y de tocador",BOGOTA D.C.,L,IMPORTADOR_MULTINACIONAL
830033494,HEEL COLOMBIA LTDA,2019,72825.149,20411.765,52413.384,3193.955,40704.664,8735.197,9067.452,5181.716,25327.341,11469.296,13858.045,"G4645 - Comercio al por mayor de productos farmacéuticos, medicinales, cosméticos y de tocador",BOGOTA D.C.,L,IMPORTADOR_MULTINACIONAL
830033494,HEEL COLOMBIA LTDA,2020,86348.83,26213.888,60134.942,4156.824,41418.812,14905.964,15314.054,8963.634,30620.916,11712.366,18908.55,"G4645 - Comercio al por mayor de productos farmacéuticos, medicinales, cosméticos y de tocador",BOGOTA D.C.,L,IMPORTADOR_MULTINACIONAL
830033494,HEEL COLOMBIA LTDA,2021,118041.827,38526.984,79514.843,5136.206,53835.736,21334.06,24027.996,14420.866,46156.247,27134.293,19021.954,"G4645 - Comercio al por mayor de productos farmacéuticos, medicinales, cosméticos y de tocador",BOGOTA D.C.,L,IMPORTADOR_MULTINACIONAL
830033494,HEEL COLOMBIA LTDA,2022,150372.004,44155.373,106216.631,7911.696,68141.97,30206.559,33511.836,19578.611,53544.7,29365.001,24179.699,"G4645 - Comercio al por mayor de productos farmacéuticos, medicinales, cosméticos y de tocador",BOGOTA D.C.,L,IMPORTADOR_MULTINACIONAL
830033494,HEEL COLOMBIA LTDA,2023,174708.544,50141.909,124566.635,7110.195,74852.466,43431.617,47273.234,26619.034,66956.54,35736.418,31220.122,"G4645 - Comercio al por mayor de productos farmacéuticos, medicinales, cosméticos y de tocador",BOGOTA D.C.,L,IMPORTADOR_MULTINACIONAL
830033494,HEEL COLOMBIA LTDA,2024,193922.9,49389.694,144533.206,7571.097,92832.649,44140.668,48505.018,27075.922,82971.503,51294.493,31677.01,"G4645 - Comercio al por mayor de productos farmacéuticos, medicinales, cosméticos y de tocador",BOGOTA D.C.,L,IMPORTADOR_MULTINACIONAL
830033494,HEEL COLOMBIA LTDA,2025,228294.296,60742.822,167551.474,8084.188,110279.963,48370.309,53542.897,27243.852,91920.853,46537.952,45382.901,"G4645 - Comercio al por mayor de productos farmacéuticos, medicinales, cosméticos y de tocador",BOGOTA D.C.,L,IMPORTADOR_MULTINACIONAL
860000753,BOEHRINGER INGELHEIM SA,2018,240355.617,145440.361,94915.256,24854.196,65147.369,5196.768,6945.879,-8535.419,202333.352,203143.613,-810.261,"G4645 - Comercio al por mayor de productos farmacéuticos, medicinales, cosméticos y de tocador",BOGOTA D.C.,XL,IMPORTADOR_MULTINACIONAL
860000753,BOEHRINGER INGELHEIM SA,2019,324490.424,209840.189,114650.235,44238.835,66836.848,2061.148,4931.758,-15335.958,296718.929,272114.46,24604.469,"G4645 - Comercio al por mayor de productos farmacéuticos, medicinales, cosméticos y de tocador",BOGOTA D.C.,XL,IMPORTADOR_MULTINACIONAL
860000753,BOEHRINGER INGELHEIM SA,2020,426370.052,267770.652,158599.4,46740.445,65335.663,47742.651,51308.619,26403.492,368520.632,317512.671,51007.961,"G4645 - Comercio al por mayor de productos farmacéuticos, medicinales, cosméticos y de tocador",BOGOTA D.C.,XL,IMPORTADOR_MULTINACIONAL
860000753,BOEHRINGER INGELHEIM SA,2021,567835.5,407744.154,160091.346,60433.567,74916.651,22504.935,26149.314,9437.512,485426.951,424981.478,60445.473,"G4645 - Comercio al por mayor de productos farmacéuticos, medicinales, cosméticos y de tocador",BOGOTA D.C.,XL,IMPORTADOR_MULTINACIONAL
860000753,BOEHRINGER INGELHEIM SA,2022,768087.633,557585.864,210501.769,80436.685,91511.804,41185.153,46105.807,27983.374,600967.704,512538.857,88428.847,"G4645 - Comercio al por mayor de productos farmacéuticos, medicinales, cosméticos y de tocador",BOGOTA D.C.,XL,IMPORTADOR_MULTINACIONAL
860000753,BOEHRINGER INGELHEIM SA,2023,1025240.366,763113.945,262126.421,88268.3,108295.72,69633.752,74400.046,42293.415,917213.688,786491.426,130722.262,"G4645 - Comercio al por mayor de productos farmacéuticos, medicinales, cosméticos y de tocador",BOGOTA D.C.,XL,IMPORTADOR_MULTINACIONAL
860000753,BOEHRINGER INGELHEIM SA,2024,1152270.634,769992.68,382277.954,94093.474,291163.016,2509.901,7458.518,-4901.85,878787.988,752967.574,125820.414,"G4645 - Comercio al por mayor de productos farmacéuticos, medicinales, cosméticos y de tocador",BOGOTA D.C.,XL,IMPORTADOR_MULTINACIONAL
860000753,BOEHRINGER INGELHEIM SA,2025,1228886.775,939041.657,289845.118,103841.401,115709.69,76086.21,80921.811,35824.498,948636.861,786991.949,161644.912,"G4645 - Comercio al por mayor de productos farmacéuticos, medicinales, cosméticos y de tocador",BOGOTA D.C.,XL,IMPORTADOR_MULTINACIONAL
860026895,ITALCOL SA,2018,1310200.191,1215129.028,95071.163,30763.666,36824.438,41497.903,56427.822,20795.546,475441.512,297967.654,177473.858,C1090 - Elaboración de alimentos preparados para animales,BOGOTA D.C.,XL,NUTRICION_BALANCEADOS_GIGANTE
860026895,ITALCOL SA,2019,1528594.309,1396979.648,131614.661,33112.638,39156.294,71058.012,94925.35,44696.566,554882.073,337645.885,217236.188,C1090 - Elaboración de alimentos preparados para animales,BOGOTA D.C.,XL,NUTRICION_BALANCEADOS_GIGANTE
860026895,ITALCOL SA,2020,1856377.257,1699472.893,156904.364,40483.189,40681.521,85095.525,110559.771,53530.36,646120.878,386951.605,259169.273,C1090 - Elaboración de alimentos preparados para animales,BOGOTA D.C.,XL,NUTRICION_BALANCEADOS_GIGANTE
860026895,ITALCOL SA,2021,2582925.768,2403285.42,179640.348,45941.456,47218.742,95440.675,121789.07,66808.426,822043.802,505745.744,316298.058,C1090 - Elaboración de alimentos preparados para animales,BOGOTA D.C.,XL,NUTRICION_BALANCEADOS_GIGANTE
860026895,ITALCOL SA,2022,3413833.495,3216600.151,197233.344,49398.368,50257.838,108779.674,140136.006,61613.241,1020132.336,649343.789,370788.547,C1090 - Elaboración de alimentos preparados para animales,BOGOTA D.C.,XL,NUTRICION_BALANCEADOS_GIGANTE
860026895,ITALCOL SA,2023,3630909.606,3314529.896,316379.71,60534.238,58910.704,200018.389,238366.413,121244.137,942808.241,477047.443,465760.798,C1090 - Elaboración de alimentos preparados para animales,BOGOTA D.C.,XL,NUTRICION_BALANCEADOS_GIGANTE
860026895,ITALCOL SA,2024,3161196.187,2840178.04,321018.147,69780.168,60835.647,189308.282,225959.538,126152.351,998310.481,442223.277,556087.204,C1090 - Elaboración de alimentos preparados para animales,BOGOTA D.C.,XL,NUTRICION_BALANCEADOS_GIGANTE
860026895,ITALCOL SA,2025,3761807.644,3316462.865,445344.779,88089.765,74219.06,303995.433,346712.059,222855.01,1084643.745,356153.441,728490.304,C1090 - Elaboración de alimentos preparados para animales,BOGOTA D.C.,XL,NUTRICION_BALANCEADOS_GIGANTE
860069284,AGROCAMPO SAS,2018,96591.262,68558.855,28032.407,5411.805,15270.805,3993.791,5005.729,2351.791,85802.077,43622.884,42179.193,"G4773 - Comercio al por menor de productos farmacéuticos y medicinales, cosméticos y artículos de tocador en establecimientos especializados",BOGOTA D.C.,L,DISTRIBUIDOR_MAYORISTA_PET
860069284,AGROCAMPO SAS,2019,102227.003,72562.441,29664.562,6016.639,16977.499,4370.3,5401.881,2764.3,87644.929,42701.436,44943.493,"G4773 - Comercio al por menor de productos farmacéuticos y medicinales, cosméticos y artículos de tocador en establecimientos especializados",BOGOTA D.C.,L,DISTRIBUIDOR_MAYORISTA_PET
860069284,AGROCAMPO SAS,2020,110452.035,78389.752,32062.283,24199.894,0.0,4844.017,5927.613,3107.017,90783.83,42733.321,48050.509,"G4773 - Comercio al por menor de productos farmacéuticos y medicinales, cosméticos y artículos de tocador en establecimientos especializados",BOGOTA D.C.,L,DISTRIBUIDOR_MAYORISTA_PET
860069284,AGROCAMPO SAS,2021,124845.178,89397.904,35447.274,26591.926,0.0,6001.114,7189.661,3952.114,92645.667,42697.942,49947.725,"G4773 - Comercio al por menor de productos farmacéuticos y medicinales, cosméticos y artículos de tocador en establecimientos especializados",BOGOTA D.C.,L,DISTRIBUIDOR_MAYORISTA_PET
860069284,AGROCAMPO SAS,2022,142246.598,99794.342,42452.256,31954.493,0.0,6538.047,7616.645,3997.719,99853.868,45908.424,53945.444,"G4773 - Comercio al por menor de productos farmacéuticos y medicinales, cosméticos y artículos de tocador en establecimientos especializados",BOGOTA D.C.,L,DISTRIBUIDOR_MAYORISTA_PET
860069284,AGROCAMPO SAS,2023,158668.479,114075.902,44592.577,34170.55,0.0,6004.179,7814.116,3713.162,164921.225,50941.761,113979.464,"G4773 - Comercio al por menor de productos farmacéuticos y medicinales, cosméticos y artículos de tocador en establecimientos especializados",BOGOTA D.C.,L,DISTRIBUIDOR_MAYORISTA_PET
860069284,AGROCAMPO SAS,2024,164147.652,116745.589,47402.063,36040.242,0.0,5991.064,7961.632,3713.023,175047.709,57355.222,117692.487,"G4773 - Comercio al por menor de productos farmacéuticos y medicinales, cosméticos y artículos de tocador en establecimientos especializados",BOGOTA D.C.,L,DISTRIBUIDOR_MAYORISTA_PET
860069284,AGROCAMPO SAS,2025,165637.972,113697.817,51940.155,39774.091,0.0,6644.172,9323.889,4146.116,203571.454,81732.851,121838.603,"G4773 - Comercio al por menor de productos farmacéuticos y medicinales, cosméticos y artículos de tocador en establecimientos especializados",BOGOTA D.C.,L,DISTRIBUIDOR_MAYORISTA_PET
860514325,VIRBAC COLOMBIA LTDA,2018,39942.085,20480.941,19461.144,3717.691,11394.41,4514.249,5422.881,2702.942,32021.719,14499.152,17522.567,"G4645 - Comercio al por mayor de productos farmacéuticos, medicinales, cosméticos y de tocador",BOGOTA D.C.,L,IMPORTADOR_MULTINACIONAL
860514325,VIRBAC COLOMBIA LTDA,2019,42852.715,24670.102,18182.613,3533.771,12458.0,2340.594,3188.207,1394.16,33893.249,14796.176,19097.073,"G4645 - Comercio al por mayor de productos farmacéuticos, medicinales, cosméticos y de tocador",BOGOTA D.C.,L,IMPORTADOR_MULTINACIONAL
860514325,VIRBAC COLOMBIA LTDA,2020,51725.53,30251.483,21474.047,4713.16,13624.349,6584.927,7475.012,3831.859,39947.265,17018.203,22929.062,"G4645 - Comercio al por mayor de productos farmacéuticos, medicinales, cosméticos y de tocador",BOGOTA D.C.,L,IMPORTADOR_MULTINACIONAL
860514325,VIRBAC COLOMBIA LTDA,2021,66319.095,32274.435,34044.66,5580.369,16278.904,13659.236,14797.695,11056.059,47417.131,13432.138,33984.993,"G4645 - Comercio al por mayor de productos farmacéuticos, medicinales, cosméticos y de tocador",BOGOTA D.C.,L,IMPORTADOR_MULTINACIONAL
860514325,VIRBAC COLOMBIA LTDA,2022,78731.458,42611.105,36120.353,6539.151,19299.327,11641.008,11641.008,7110.764,56696.907,15601.149,41095.758,"G4645 - Comercio al por mayor de productos farmacéuticos, medicinales, cosméticos y de tocador",BOGOTA D.C.,L,IMPORTADOR_MULTINACIONAL
860514325,VIRBAC COLOMBIA LTDA,2023,86476.547,46061.207,40415.34,6404.479,20363.909,17286.553,17286.553,11271.532,67502.332,21135.043,46367.289,"G4645 - Comercio al por mayor de productos farmacéuticos, medicinales, cosméticos y de tocador",BOGOTA D.C.,L,IMPORTADOR_MULTINACIONAL
860514325,VIRBAC COLOMBIA LTDA,2024,96516.045,52893.25,43622.795,7742.778,26612.56,15340.689,15340.689,6770.559,67939.122,24801.278,43137.844,"G4645 - Comercio al por mayor de productos farmacéuticos, medicinales, cosméticos y de tocador",BOGOTA D.C.,L,IMPORTADOR_MULTINACIONAL
860514325,VIRBAC COLOMBIA LTDA,2025,111735.487,65436.942,46298.545,8928.944,23488.47,19093.285,20736.061,10871.726,68474.485,28464.915,40009.57,"G4645 - Comercio al por mayor de productos farmacéuticos, medicinales, cosméticos y de tocador",BOGOTA D.C.,L,IMPORTADOR_MULTINACIONAL
890901271,CONTEGRAL S.A.S.,2018,1700038.002,1514131.14,185906.862,26915.808,39590.489,122008.267,135593.795,77553.97,1178258.473,607134.957,571123.516,C1090 - Elaboración de alimentos preparados para animales,ENVIGADO-ANTIOQUIA,XL,NUTRICION_BALANCEADOS_GIGANTE
890901271,CONTEGRAL S.A.S.,2019,1676554.056,1455841.208,220712.848,24458.309,46302.849,149920.639,165624.072,102935.724,1198950.307,519617.923,679332.384,C1090 - Elaboración de alimentos preparados para animales,ENVIGADO-ANTIOQUIA,XL,NUTRICION_BALANCEADOS_GIGANTE
890901271,CONTEGRAL S.A.S.,2020,2171084.413,1955729.054,215355.359,26654.002,53438.268,144006.214,160431.081,97096.255,1274356.353,510412.567,763943.786,C1090 - Elaboración de alimentos preparados para animales,ENVIGADO-ANTIOQUIA,XL,NUTRICION_BALANCEADOS_GIGANTE
890901271,CONTEGRAL S.A.S.,2021,2625427.458,2407625.377,217802.081,27804.345,63559.161,143779.987,160375.0,121774.059,1456523.179,604828.502,851694.677,C1090 - Elaboración de alimentos preparados para animales,ENVIGADO-ANTIOQUIA,XL,NUTRICION_BALANCEADOS_GIGANTE
890901271,CONTEGRAL S.A.S.,2022,3458992.327,3150922.349,308069.978,33408.033,78955.832,197707.992,214706.253,108294.131,1297605.652,782178.658,515426.994,C1090 - Elaboración de alimentos preparados para animales,ENVIGADO-ANTIOQUIA,XL,NUTRICION_BALANCEADOS_GIGANTE
890901271,CONTEGRAL S.A.S.,2023,3585958.4,3212697.201,373261.199,39354.147,75945.701,286667.626,305818.239,150761.927,1172245.76,580565.829,591679.931,C1090 - Elaboración de alimentos preparados para animales,ENVIGADO-ANTIOQUIA,XL,NUTRICION_BALANCEADOS_GIGANTE
890901271,CONTEGRAL S.A.S.,2024,2791240.142,2438880.889,352359.253,45902.192,61782.917,236337.779,258029.606,137147.945,1174310.947,597897.751,576413.196,C1090 - Elaboración de alimentos preparados para animales,ENVIGADO-ANTIOQUIA,XL,NUTRICION_BALANCEADOS_GIGANTE
890901271,CONTEGRAL S.A.S.,2025,3059011.406,2697347.909,361663.497,49649.474,69174.711,248557.046,272788.484,148380.211,1483467.803,807506.904,675960.899,C1090 - Elaboración de alimentos preparados para animales,ENVIGADO-ANTIOQUIA,XL,NUTRICION_BALANCEADOS_GIGANTE
891304762,ITALCOL DE OCCIDENTE S.A.,2018,897192.28,809643.035,87549.245,11410.333,29073.858,46868.7,53227.701,28082.967,303610.356,162877.401,140732.955,C1090 - Elaboración de alimentos preparados para animales,PALMIRA-VALLE,XL,NUTRICION_BALANCEADOS_GIGANTE
891304762,ITALCOL DE OCCIDENTE S.A.,2019,996869.454,886884.872,109984.582,11511.05,48853.002,59939.224,68630.506,35940.293,330336.457,160863.209,169473.248,C1090 - Elaboración de alimentos preparados para animales,PALMIRA-VALLE,XL,NUTRICION_BALANCEADOS_GIGANTE
891304762,ITALCOL DE OCCIDENTE S.A.,2020,1233523.555,1087261.545,146262.01,13661.991,58502.134,79506.643,89750.756,50080.577,361570.506,148359.06,213211.446,C1090 - Elaboración de alimentos preparados para animales,PALMIRA-VALLE,XL,NUTRICION_BALANCEADOS_GIGANTE
891304762,ITALCOL DE OCCIDENTE S.A.,2021,1683475.037,1488408.145,195066.892,26001.64,72657.006,100861.963,113425.001,68543.754,510233.993,243150.278,267083.715,C1090 - Elaboración de alimentos preparados para animales,PALMIRA-VALLE,XL,NUTRICION_BALANCEADOS_GIGANTE
891304762,ITALCOL DE OCCIDENTE S.A.,2022,2241453.472,2022232.593,219220.879,26508.998,90913.346,108892.23,124416.561,69933.79,699715.609,368698.741,331016.868,C1090 - Elaboración de alimentos preparados para animales,PALMIRA-VALLE,XL,NUTRICION_BALANCEADOS_GIGANTE
891304762,ITALCOL DE OCCIDENTE S.A.,2023,2527160.615,2219147.27,308013.345,31045.19,110410.0,172328.582,193624.818,96680.151,680512.139,284424.724,396087.415,C1090 - Elaboración de alimentos preparados para animales,PALMIRA-VALLE,XL,NUTRICION_BALANCEADOS_GIGANTE
891304762,ITALCOL DE OCCIDENTE S.A.,2024,2271392.348,1924806.086,346586.262,36174.098,129913.243,187424.205,213159.476,121583.567,767543.065,270372.083,497170.982,C1090 - Elaboración de alimentos preparados para animales,PALMIRA-VALLE,XL,NUTRICION_BALANCEADOS_GIGANTE
891304762,ITALCOL DE OCCIDENTE S.A.,2025,2566089.276,2107215.868,458873.408,42626.175,149040.28,276713.936,305452.337,180502.737,809554.051,201930.04,607624.011,C1090 - Elaboración de alimentos preparados para animales,PALMIRA-VALLE,XL,NUTRICION_BALANCEADOS_GIGANTE
900490865,ZOETIS COLOMBIA SAS,2018,70443.154,49758.801,20684.353,5688.347,12428.7,2502.258,3564.826,45.205,57277.775,38710.906,18566.869,"G4645 - Comercio al por mayor de productos farmacéuticos, medicinales, cosméticos y de tocador",BOGOTA D.C.,L,IMPORTADOR_MULTINACIONAL
900490865,ZOETIS COLOMBIA SAS,2019,64872.381,47113.297,17759.084,2211.979,13161.148,2663.785,4124.235,1215.344,49935.49,29617.711,20317.779,"G4645 - Comercio al por mayor de productos farmacéuticos, medicinales, cosméticos y de tocador",BOGOTA D.C.,L,IMPORTADOR_MULTINACIONAL
900490865,ZOETIS COLOMBIA SAS,2020,76719.025,58222.608,18496.417,2635.787,13204.961,2879.904,4224.915,696.861,68326.664,47312.024,21014.64,"G4645 - Comercio al por mayor de productos farmacéuticos, medicinales, cosméticos y de tocador",BOGOTA D.C.,L,IMPORTADOR_MULTINACIONAL
900490865,ZOETIS COLOMBIA SAS,2021,90389.67,64769.405,25620.265,2098.054,16094.301,7156.034,8890.27,3641.638,66198.006,41541.728,24656.278,"G4645 - Comercio al por mayor de productos farmacéuticos, medicinales, cosméticos y de tocador",BOGOTA D.C.,L,IMPORTADOR_MULTINACIONAL
900490865,ZOETIS COLOMBIA SAS,2022,98273.699,70130.703,28142.996,3073.036,19905.814,5002.679,7234.066,1253.339,68352.355,42442.738,25909.617,"G4645 - Comercio al por mayor de productos farmacéuticos, medicinales, cosméticos y de tocador",BOGOTA D.C.,L,IMPORTADOR_MULTINACIONAL
900490865,ZOETIS COLOMBIA SAS,2023,117127.989,87816.339,29311.65,4103.013,18876.684,6486.576,9696.354,2189.352,87776.799,59677.83,28098.969,"G4645 - Comercio al por mayor de productos farmacéuticos, medicinales, cosméticos y de tocador",BOGOTA D.C.,L,IMPORTADOR_MULTINACIONAL
900490865,ZOETIS COLOMBIA SAS,2024,133492.621,105054.892,28437.729,5313.133,20247.267,2908.508,6538.147,721.99,91563.331,62742.372,28820.959,"G4645 - Comercio al por mayor de productos farmacéuticos, medicinales, cosméticos y de tocador",BOGOTA D.C.,L,IMPORTADOR_MULTINACIONAL
900490865,ZOETIS COLOMBIA SAS,2025,153316.732,118807.545,34509.187,5609.178,21720.71,7030.799,11144.73,2695.935,107547.268,76030.374,31516.894,"G4645 - Comercio al por mayor de productos farmacéuticos, medicinales, cosméticos y de tocador",BOGOTA D.C.,L,IMPORTADOR_MULTINACIONAL
900524514,CEVA SALUD ANIMAL SAS,2018,20091.402,9967.863,10123.539,2202.368,7349.845,262.932,857.207,6.592,13273.7,6867.344,6406.356,"G4645 - Comercio al por mayor de productos farmacéuticos, medicinales, cosméticos y de tocador",BOGOTA D.C.,L,IMPORTADOR_MULTINACIONAL
900524514,CEVA SALUD ANIMAL SAS,2019,33495.643,20590.975,12904.668,2683.536,0.0,-628.826,254.555,-767.774,22879.438,17240.856,5638.582,"G4645 - Comercio al por mayor de productos farmacéuticos, medicinales, cosméticos y de tocador",BOGOTA D.C.,L,IMPORTADOR_MULTINACIONAL
900524514,CEVA SALUD ANIMAL SAS,2020,39578.008,27512.853,12065.155,2433.365,0.0,-1489.247,-222.013,-2461.666,31176.102,27999.186,3176.916,"G4645 - Comercio al por mayor de productos farmacéuticos, medicinales, cosméticos y de tocador",BOGOTA D.C.,L,IMPORTADOR_MULTINACIONAL
900524514,CEVA SALUD ANIMAL SAS,2021,50891.284,34361.251,16530.033,2809.232,0.0,1330.97,3297.23,-2428.137,42080.998,41332.219,748.779,"G4645 - Comercio al por mayor de productos farmacéuticos, medicinales, cosméticos y de tocador",BOGOTA D.C.,L,IMPORTADOR_MULTINACIONAL
900524514,CEVA SALUD ANIMAL SAS,2022,65587.846,46096.234,19491.612,3156.949,0.0,2339.615,4674.532,-5207.02,52002.042,44582.683,7419.359,"G4645 - Comercio al por mayor de productos farmacéuticos, medicinales, cosméticos y de tocador",BOGOTA D.C.,L,IMPORTADOR_MULTINACIONAL
900524514,CEVA SALUD ANIMAL SAS,2023,84997.856,63155.289,21842.567,3321.33,18441.913,2175.444,3632.533,735.433,53883.872,45729.08,8154.792,"G4645 - Comercio al por mayor de productos farmacéuticos, medicinales, cosméticos y de tocador",BOGOTA D.C.,L,IMPORTADOR_MULTINACIONAL
900524514,CEVA SALUD ANIMAL SAS,2024,82887.34,56946.354,25940.986,5477.681,20260.445,3043.44,4975.86,1751.461,69761.113,59854.86,9906.253,"G4645 - Comercio al por mayor de productos farmacéuticos, medicinales, cosméticos y de tocador",BOGOTA D.C.,L,IMPORTADOR_MULTINACIONAL
900524514,CEVA SALUD ANIMAL SAS,2025,100839.682,69875.977,30963.705,6818.944,22614.476,2855.228,4908.817,4306.017,84350.199,70137.929,14212.27,"G4645 - Comercio al por mayor de productos farmacéuticos, medicinales, cosméticos y de tocador",BOGOTA D.C.,L,IMPORTADOR_MULTINACIONAL
901186367,ELANCO COLOMBIA S.A.S,2018,0.0,0.0,0.0,0.0,0.0,355.145,355.145,355.131,118616.861,0.0,118616.861,"G4645 - Comercio al por mayor de productos farmacéuticos, medicinales, cosméticos y de tocador",BOGOTA D.C.,L,IMPORTADOR_MULTINACIONAL
901186367,ELANCO COLOMBIA S.A.S,2019,188563.763,127794.704,60769.059,14431.59,25239.556,18521.77,19576.757,11035.809,170884.97,41278.131,129606.839,"G4645 - Comercio al por mayor de productos farmacéuticos, medicinales, cosméticos y de tocador",BOGOTA D.C.,L,IMPORTADOR_MULTINACIONAL
901186367,ELANCO COLOMBIA S.A.S,2020,170269.043,115876.616,54392.427,20908.73,32345.412,-2933.611,-2173.935,233.966,195517.042,52709.519,142807.523,"G4645 - Comercio al por mayor de productos farmacéuticos, medicinales, cosméticos y de tocador",BOGOTA D.C.,L,IMPORTADOR_MULTINACIONAL
901186367,ELANCO COLOMBIA S.A.S,2021,208580.674,141125.068,67455.606,27687.413,37364.745,1004.703,2291.957,5628.312,185529.367,37093.532,148435.835,"G4645 - Comercio al por mayor de productos farmacéuticos, medicinales, cosméticos y de tocador",BOGOTA D.C.,L,IMPORTADOR_MULTINACIONAL
901186367,ELANCO COLOMBIA S.A.S,2022,242507.392,181836.038,60671.354,26756.435,28363.963,5408.131,6985.229,1806.679,242372.744,92130.23,150242.514,"G4645 - Comercio al por mayor de productos farmacéuticos, medicinales, cosméticos y de tocador",BOGOTA D.C.,L,IMPORTADOR_MULTINACIONAL
901186367,ELANCO COLOMBIA S.A.S,2023,255948.676,168959.763,86988.913,27589.111,49534.282,-7178.152,-5328.666,-14390.874,171942.961,36091.321,135851.64,"G4645 - Comercio al por mayor de productos farmacéuticos, medicinales, cosméticos y de tocador",BOGOTA D.C.,L,IMPORTADOR_MULTINACIONAL
901186367,ELANCO COLOMBIA S.A.S,2024,178124.17,123575.992,54548.178,24245.821,18057.26,10422.361,13207.855,10566.137,179599.641,33181.864,146417.777,"G4645 - Comercio al por mayor de productos farmacéuticos, medicinales, cosméticos y de tocador",BOGOTA D.C.,L,IMPORTADOR_MULTINACIONAL
901186367,ELANCO COLOMBIA S.A.S,2025,195117.227,129289.888,65827.339,24884.672,27005.635,2252.603,4317.191,5799.862,181635.538,29417.899,152217.639,"G4645 - Comercio al por mayor de productos farmacéuticos, medicinales, cosméticos y de tocador",BOGOTA D.C.,L,IMPORTADOR_MULTINACIONAL
