Company,Market_Share_2025_Pct,Key_Brands,Segment
Italcol de Occidente Ltda,22.4,"Ringo, Mirringo, Agility Gold","Alimentos Secos, Húmedos y Premium"
Alimentos Polar de Colombia SA,13.8,"Dogourmet, Donkan, Oh Mai Gat",Alimentos Secos y Snacks
Nestlé Purina PetCare de Colombia SA,13.5,"Purina Pro Plan, Dog Chow, Cat Chow, Felix, Friskies","Alimento Super Premium, Premium y Masivo"
Solla SA,12.1,"Chunky, Nutrecat, Nutre Can, Q-ida Cat",Alimentos Secos y Húmedos Nacionales
Mars / Royal Canin Colombia SAS,9.2,"Royal Canin, Pedigree, Whiskas, Chappi, Cesar",Dietas Veterinarias y Masivo
Gabrica SA / Comercializadora Bogotana SAS,4.5,"Healthy Bites, Hill's Science Diet, 1st Choice, Pronature",Especializado Veterinario y Snacks Funcionales
Grupo Diana / Alimentos Nutrion SA,1.5,"Nutrion, Ringui, Monello",Entrada estratégica por adquisición en 2025
True Blue / Grupo Alpina,0.8,True Blue Nutrition,Alimento al vapor personalizado D2C
Otros Fabricantes e Importadores,22.2,"Marcas propias D1, Éxito, Laika, importaciones",Fragmentado
