name,nit,domain,brands
CARVAL DE COLOMBIA (Vallecilla B & Cía),890318919,https://www.carval.com.co,"Master LP, Curamicina, Floxin, Cicloprostol, Carval Pets, Biomin"
EMPRESA COLOMBIANA DE PRODUCTOS VETERINARIOS S.A. (VECOL S.A.),899999002,https://www.vecol.com.co,"Aftogan, Brucelosis RB51, Rabigan, Trivalente, Vecolmicina, Fosfogan"
ALURA ANIMAL HEALTH & NUTRITION S.A.S,800059688,https://iluma.bio,"Premezclas Iluma, enzimas digestivas, secuestrantes micotoxinas, antibióticos solubles"
LABORATORIOS SERVINSUMOS S.A.,860521601,https://www.servinsumos.com.co,"Florfenicol Servinsumos, Oxitetraciclina LA, vacunas respiratorias, dispositivos IATF"
KYROVET LABORATORIES S.A.,800193165,https://www.kyrovet.com,"Ketamina Kyrovet, Xilacina Kyrovet, Tramadol, Meloxicam, Condrovet, DermaVet"
LABORATORIOS EDO S.A.S.,890308184,https://www.laboratoriosedo.com,"EDO Modimax, EDO Cozink, EDO Fosfosel, EDO Iverplus, EDO Electrolitos"
LABORATORIOS PROVET S.A.S.,860529588,https://www.laboratoriosprovet.com,"Total Full, Provet Tabs, Endogard, champús medicados, Doxiciclina Provet, Cefalexina"
PHARVET S.A.S.,800223046,https://www.pharvet.com.co,"Tilosina Pharvet, Florfenicol, selladores de pezones, complejos vitamínicos"
LIMOR DE COLOMBIA S.A.S.,800238326,https://www.limor.com.co,"Vacuna Antirrábica Limor, Clostridiales, Ántrax bacteridiano, vacunas porcinas"
INVET S.A.S.,860070530,https://www.invetcolombia.com.co,"Invetmectina, moduladores metabólicos, complejos de calcio-fósforo, aditivos"
LABORATORIO COLOMBIANO DE VETERINARIA S.A.S. (COLVET),830052144,https://www.colvet.com.co,"Colvetrim, Oxitetraciclina Colvet, antibióticos solubles avícolas/porcícolas"
LABORATORIOS ZOO S.A.S.,860010469,https://www.laboratorioszoo.com,"Garrapaticidas Zoo, Cipermetrina Zoo, mosquicidas pour-on, reconstituyentes lecheros"
NOVALFARM S.A.S.,800106051,https://www.novalfarm.com,"Novamectina, Novabiotic, antiinflamatorios inyectables, vitaminas pecuarias"
LABORATORIOS CALLBEST LIMITADA (VETERLAND),800056544,https://www.veterland.com,"Veterland antiparasitarios, tónicos reconstituyentes, analgésicos veterinarios"
FARMATEC LTDA,800152485,https://www.farmatec.com.co,"Agroquímicos y pecuarios, desparasitantes orales, premezclas vitamínicas"
LABORATORIOS VM S.A.S. (Vitaminas y Minerales Ganadería),860023326,https://www.laboratoriosvm.com,"Fósforo VM, Calcio VM, sales mineralizadas concentradas, modificadores orgánicos"
LABORATORIOSSFC LTDA (SFC),830001242,https://www.laboratoriossfc.com,"Antibióticos inyectables SFC, sulfas veterinarias, vitamínicos para rumiantes"
FINMARK LABORATORIES S.A.,830085444,https://www.finmarklaboratories.com,"Biológicos veterinarios, reactivos diagnósticos y suplementos de salud animal"
PRODUCTOS MEDICOS VETERINARIOS S.A. (PROMEVET),830508914,https://www.promevet.co,"Promevet desparasitantes, cicatrizantes tópicos, antibióticos para ganadería"
LABORATORIOS VETERINARIOS LIMITADA (LABVET),860026583,https://www.laboratoriosveterinarios.com,"Especialidades farmacéuticas veterinarias, desinfectantes de instalaciones"
TECNOLOGIA AVICOLA LABORATORIOS LTDA (TECNOLAB),900139809,https://www.tecnologiaavicola.com,"Vacunas avícolas, desinfectantes para granjas, antibióticos solubles para aves"
LABORATORIOS CALIER DE LOS ANDES S.A.S.,800148619,https://www.calier.com,"Promotor L (aminoácidos), Mastipen, Ganadexil (enrofloxacina), Ceftiocyl"
LABORATORIOS CHALVER DE COLOMBIA S.A.S. (Salud Animal),890203194,https://www.chalver.com,"Ganapen, Vermisol, Fosfosal, Flunixin Chalver, Enroflox Chalver, Ricobendazol"
VICAR FARMACEUTICA S.A. (Vicar Animal),860020246,https://www.vicar.com.co,"Vicarmicina, Complejo B Vicar, desparasitantes bovinos, sulfas inyectables"
LABORATORIOS LA SANTE S.A. / PHARMETIQUE,800013834,https://www.lasante.com.co,Líneas de manufactura farmacéutica humana y genéricos veterinarios bajo contrato
PROCAPS S.A. (División Softgel / Salud Animal),890106527,https://www.procapslaboratorios.com,"Cápsulas blandas (softgel) para mascotas, nutracéuticos veterinarios, ácidos grasos Omega 3/6"
C.I. FARMACAPSULAS S.A.S.,890105927,https://www.farmacapsulas.com,Cápsulas de gelatina dura y vegetal para formulaciones veterinarias y premezclas
NOVAMED S.A.S.,800093391,https://www.novamed.com.co,Cápsulas y formas farmacéuticas orales sólidas para uso humano y animal
PROQUIDENT S.A.S. (Línea Cuidado Oral Mascotas),890914979,https://www.proquident.com.co,"Geles dentales para perros y gatos, enjuagues orales antisépticos veterinarios"
ALTEA FARMACEUTICA S.A.S.,900463029,https://www.alteafarmaceutica.com,Manufactura por contrato (CDMO) de formas farmacéuticas líquidas y sólidas veterinarias
LABORATORIOS LAVERLAM S.A.,890302442,https://www.laverlam.com.co,"Biotecnología, extractos y productos de apoyo terapéutico veterinario"
MANUFACTURERA MUNDIAL FARMACEUTICA S.A. (MMF S.A.),830064580,https://www.mmf.com.co,"Soluciones inyectables, antibacterianos y líquidos estériles para uso pecuario"
LABORATORIO INTERNACIONAL DE COLOMBIA S.A.S. (LABINCO),800174633,https://www.labinco.com.co,Medicamentos genéricos inyectables y orales para ganadería
QUIBI S.A.,860024141,https://www.quibi.com.co,Soluciones parenterales y electrolitos para uso veterinario y humano
ARBOFARMA S.A.S.,830072323,https://www.arbofarma.com,"Formulaciones tópicas, desinfectantes y antisépticos de uso veterinario"
